country,date,total_cases,new_cases,new_cases_smoothed,total_deaths,new_deaths,new_deaths_smoothed,total_cases_per_million,new_cases_per_million,new_cases_smoothed_per_million,total_deaths_per_million,new_deaths_per_million,new_deaths_smoothed_per_million,reproduction_rate,total_vaccinations,people_vaccinated,people_fully_vaccinated,new_vaccinations,new_vaccinations_smoothed,total_vaccinations_per_hundred,people_vaccinated_per_hundred,people_fully_vaccinated_per_hundred,new_vaccinations_smoothed_per_million,,,,,,,,,,,,,,,,,
Canada,2020-01-26,1,1,,,,,0.026,0.026,,,,,,,,,,,,,,,,,,,,,,,,,,,,,,,
Canada,2020-01-27,1,0,,,,,0.026,0,,,,,,,,,,,,,,,,,,,,,,,,,,,,,,,
Canada,2020-01-28,2,1,,,,,0.053,0.026,,,,,,,,,,,,,,,,,,,,,,,,,,,,,,,
Canada,2020-01-29,2,0,,,,,0.053,0,,,,,,,,,,,,,,,,,,,,,,,,,,,,,,,
Canada,2020-01-30,2,0,,,,,0.053,0,,,,,,,,,,,,,,,,,,,,,,,,,,,,,,,
Canada,2020-01-31,4,2,0.571,,,0,0.106,0.053,0.015,,,0,,,,,,,,,,,,,,,,,,,,,,,,,,,
Canada,2020-02-01,4,0,0.571,,,0,0.106,0,0.015,,,0,,,,,,,,,,,,,,,,,,,,,,,,,,,
Canada,2020-02-02,4,0,0.429,,,0,0.106,0,0.011,,,0,,,,,,,,,,,,,,,,,,,,,,,,,,,
Canada,2020-02-03,4,0,0.429,,,0,0.106,0,0.011,,,0,,,,,,,,,,,,,,,,,,,,,,,,,,,
Canada,2020-02-04,4,0,0.286,,,0,0.106,0,0.008,,,0,,,,,,,,,,,,,,,,,,,,,,,,,,,
Canada,2020-02-05,5,1,0.429,,,0,0.132,0.026,0.011,,,0,,,,,,,,,,,,,,,,,,,,,,,,,,,
Canada,2020-02-06,5,0,0.429,,,0,0.132,0,0.011,,,0,,,,,,,,,,,,,,,,,,,,,,,,,,,
Canada,2020-02-07,7,2,0.429,,,0,0.185,0.053,0.011,,,0,,,,,,,,,,,,,,,,,,,,,,,,,,,
Canada,2020-02-08,7,0,0.429,,,0,0.185,0,0.011,,,0,,,,,,,,,,,,,,,,,,,,,,,,,,,
Canada,2020-02-09,7,0,0.429,,,0,0.185,0,0.011,,,0,,,,,,,,,,,,,,,,,,,,,,,,,,,
Canada,2020-02-10,7,0,0.429,,,0,0.185,0,0.011,,,0,,,,,,,,,,,,,,,,,,,,,,,,,,,
Canada,2020-02-11,7,0,0.429,,,0,0.185,0,0.011,,,0,,,,,,,,,,,,,,,,,,,,,,,,,,,
Canada,2020-02-12,7,0,0.286,,,0,0.185,0,0.008,,,0,,,,,,,,,,,,,,,,,,,,,,,,,,,
Canada,2020-02-13,7,0,0.286,,,0,0.185,0,0.008,,,0,,,,,,,,,,,,,,,,,,,,,,,,,,,
Canada,2020-02-14,7,0,0,,,0,0.185,0,0,,,0,,,,,,,,,,,,,,,,,,,,,,,,,,,
Canada,2020-02-15,7,0,0,,,0,0.185,0,0,,,0,,,,,,,,,,,,,,,,,,,,,,,,,,,
Canada,2020-02-16,7,0,0,,,0,0.185,0,0,,,0,,,,,,,,,,,,,,,,,,,,,,,,,,,
Canada,2020-02-17,8,1,0.143,,,0,0.212,0.026,0.004,,,0,,,,,,,,,,,,,,,,,,,,,,,,,,,
Canada,2020-02-18,8,0,0.143,,,0,0.212,0,0.004,,,0,,,,,,,,,,,,,,,,,,,,,,,,,,,
Canada,2020-02-19,8,0,0.143,,,0,0.212,0,0.004,,,0,,,,,,,,,,,,,,,,,,,,,,,,,,,
Canada,2020-02-20,8,0,0.143,,,0,0.212,0,0.004,,,0,,,,,,,,,,,,,,,,,,,,,,,,,,,
Canada,2020-02-21,9,1,0.286,,,0,0.238,0.026,0.008,,,0,,,,,,,,,,,,,,,,,,,,,,,,,,,
Canada,2020-02-22,9,0,0.286,,,0,0.238,0,0.008,,,0,,,,,,,,,,,,,,,,,,,,,,,,,,,
Canada,2020-02-23,9,0,0.286,,,0,0.238,0,0.008,,,0,,,,,,,,,,,,,,,,,,,,,,,,,,,
Canada,2020-02-24,10,1,0.286,,,0,0.265,0.026,0.008,,,0,,,,,,,,,,,,,,,,,,,,,,,,,,,
Canada,2020-02-25,11,1,0.429,,,0,0.291,0.026,0.011,,,0,,,,,,,,,,,,,,,,,,,,,,,,,,,
Canada,2020-02-26,11,0,0.429,,,0,0.291,0,0.011,,,0,,,,,,,,,,,,,,,,,,,,,,,,,,,
Canada,2020-02-27,13,2,0.714,,,0,0.344,0.053,0.019,,,0,,,,,,,,,,,,,,,,,,,,,,,,,,,
Canada,2020-02-28,14,1,0.714,,,0,0.371,0.026,0.019,,,0,,,,,,,,,,,,,,,,,,,,,,,,,,,
Canada,2020-02-29,20,6,1.571,,,0,0.53,0.159,0.042,,,0,,,,,,,,,,,,,,,,,,,,,,,,,,,
Canada,2020-03-01,24,4,2.143,,,0,0.636,0.106,0.057,,,0,,,,,,,,,,,,,,,,,,,,,,,,,,,
Canada,2020-03-02,27,3,2.429,,,0,0.715,0.079,0.064,,,0,,,,,,,,,,,,,,,,,,,,,,,,,,,
Canada,2020-03-03,30,3,2.714,,,0,0.795,0.079,0.072,,,0,,,,,,,,,,,,,,,,,,,,,,,,,,,
Canada,2020-03-04,33,3,3.143,,,0,0.874,0.079,0.083,,,0,,,,,,,,,,,,,,,,,,,,,,,,,,,
Canada,2020-03-05,37,4,3.429,,,0,0.98,0.106,0.091,,,0,,,,,,,,,,,,,,,,,,,,,,,,,,,
Canada,2020-03-06,49,12,5,,,0,1.298,0.318,0.132,,,0,,,,,,,,,,,,,,,,,,,,,,,,,,,
Canada,2020-03-07,54,5,4.857,,,0,1.431,0.132,0.129,,,0,,,,,,,,,,,,,,,,,,,,,,,,,,,
Canada,2020-03-08,64,10,5.714,,,0,1.696,0.265,0.151,,,0,,,,,,,,,,,,,,,,,,,,,,,,,,,
Canada,2020-03-09,77,13,7.143,1,1,0.143,2.04,0.344,0.189,0.026,0.026,0.004,,,,,,,,,,,,,,,,,,,,,,,,,,,
Canada,2020-03-10,79,2,7,1,0,0.143,2.093,0.053,0.185,0.026,0,0.004,,,,,,,,,,,,,,,,,,,,,,,,,,,
Canada,2020-03-11,108,29,10.714,1,0,0.143,2.862,0.768,0.284,0.026,0,0.004,,,,,,,,,,,,,,,,,,,,,,,,,,,
Canada,2020-03-12,117,9,11.429,1,0,0.143,3.1,0.238,0.303,0.026,0,0.004,2.8,,,,,,,,,,,,,,,,,,,,,,,,,,
Canada,2020-03-13,193,76,20.571,1,0,0.143,5.114,2.014,0.545,0.026,0,0.004,2.82,,,,,,,,,,,,,,,,,,,,,,,,,,
Canada,2020-03-14,198,5,20.571,1,0,0.143,5.246,0.132,0.545,0.026,0,0.004,2.81,,,,,,,,,,,,,,,,,,,,,,,,,,
Canada,2020-03-15,252,54,26.857,1,0,0.143,6.677,1.431,0.712,0.026,0,0.004,2.84,,,,,,,,,,,,,,,,,,,,,,,,,,
Canada,2020-03-16,415,163,48.286,4,3,0.429,10.996,4.319,1.279,0.106,0.079,0.011,2.85,,,,,,,,,,,,,,,,,,,,,,,,,,
Canada,2020-03-17,478,63,57,6,2,0.714,12.665,1.669,1.51,0.159,0.053,0.019,2.82,,,,,,,,,,,,,,,,,,,,,,,,,,
Canada,2020-03-18,657,179,78.429,11,5,1.429,17.408,4.743,2.078,0.291,0.132,0.038,2.81,,,,,,,,,,,,,,,,,,,,,,,,,,
Canada,2020-03-19,800,143,97.571,11,0,1.429,21.196,3.789,2.585,0.291,0,0.038,2.77,,,,,,,,,,,,,,,,,,,,,,,,,,
Canada,2020-03-20,943,143,107.143,15,4,2,24.985,3.789,2.839,0.397,0.106,0.053,2.73,,,,,,,,,,,,,,,,,,,,,,,,,,
Canada,2020-03-21,1277,334,154.143,19,4,2.571,33.835,8.85,4.084,0.503,0.106,0.068,2.73,,,,,,,,,,,,,,,,,,,,,,,,,,
Canada,2020-03-22,1469,192,173.857,22,3,3,38.922,5.087,4.606,0.583,0.079,0.079,2.68,,,,,,,,,,,,,,,,,,,,,,,,,,
Canada,2020-03-23,2088,619,239,29,7,3.571,55.323,16.401,6.332,0.768,0.185,0.095,2.63,,,,,,,,,,,,,,,,,,,,,,,,,,
Canada,2020-03-24,2790,702,330.286,33,4,3.857,73.923,18.6,8.751,0.874,0.106,0.102,2.56,,,,,,,,,,,,,,,,,,,,,,,,,,
Canada,2020-03-25,3251,461,370.571,42,9,4.429,86.137,12.214,9.819,1.113,0.238,0.117,2.45,,,,,,,,,,,,,,,,,,,,,,,,,,
Canada,2020-03-26,4042,791,463.143,57,15,6.571,107.095,20.958,12.271,1.51,0.397,0.174,2.35,,,,,,,,,,,,,,,,,,,,,,,,,,
Canada,2020-03-27,4682,640,534.143,66,9,7.286,124.052,16.957,14.152,1.749,0.238,0.193,2.25,,,,,,,,,,,,,,,,,,,,,,,,,,
Canada,2020-03-28,5576,894,614.143,82,16,9,147.739,23.687,16.272,2.173,0.424,0.238,2.15,,,,,,,,,,,,,,,,,,,,,,,,,,
Canada,2020-03-29,6280,704,687.286,96,14,10.571,166.392,18.653,18.21,2.544,0.371,0.28,2.05,,,,,,,,,,,,,,,,,,,,,,,,,,
Canada,2020-03-30,7398,1118,758.571,125,29,13.714,196.014,29.622,20.099,3.312,0.768,0.363,1.96,,,,,,,,,,,,,,,,,,,,,,,,,,
Canada,2020-03-31,8527,1129,819.571,152,27,17,225.928,29.913,21.715,4.027,0.715,0.45,1.89,,,,,,,,,,,,,,,,,,,,,,,,,,
Canada,2020-04-01,9560,1033,901.286,175,23,19,253.298,27.37,23.88,4.637,0.609,0.503,1.83,,,,,,,,,,,,,,,,,,,,,,,,,,
Canada,2020-04-02,11284,1724,1034.571,224,49,23.857,298.976,45.678,27.412,5.935,1.298,0.632,1.77,,,,,,,,,,,,,,,,,,,,,,,,,,
Canada,2020-04-03,12437,1153,1107.857,277,53,30.143,329.525,30.549,29.353,7.339,1.404,0.799,1.7,,,,,,,,,,,,,,,,,,,,,,,,,,
Canada,2020-04-04,12978,541,1057.429,360,83,39.714,343.86,14.334,28.017,9.538,2.199,1.052,1.63,,,,,,,,,,,,,,,,,,,,,,,,,,
Canada,2020-04-05,15756,2778,1353.714,435,75,48.429,417.464,73.605,35.867,11.526,1.987,1.283,1.58,,,,,,,,,,,,,,,,,,,,,,,,,,
Canada,2020-04-06,16563,807,1309.286,520,85,56.429,438.846,21.382,34.69,13.778,2.252,1.495,1.49,,,,,,,,,,,,,,,,,,,,,,,,,,
Canada,2020-04-07,17872,1309,1335,581,61,61.286,473.529,34.683,35.372,15.394,1.616,1.624,1.42,,,,,,,,,,,,,,,,,,,,,,,,,,
Canada,2020-04-08,19141,1269,1368.714,648,67,67.571,507.152,33.623,36.265,17.169,1.775,1.79,1.37,,,,,,,,,,,,,,,,,,,,,,,,,,
Canada,2020-04-09,20654,1513,1338.571,771,123,78.143,547.24,40.088,35.466,20.428,3.259,2.07,1.33,,,,,,,,,,,,,,,,,,,,,,,,,,
Canada,2020-04-10,22059,1405,1374.571,867,96,84.286,584.466,37.226,36.42,22.972,2.544,2.233,1.3,,,,,,,,,,,,,,,,,,,,,,,,,,
Canada,2020-04-11,23316,1257,1476.857,986,119,89.429,617.771,33.305,39.13,26.125,3.153,2.369,1.26,,,,,,,,,,,,,,,,,,,,,,,,,,
Canada,2020-04-12,24299,983,1220.429,1095,109,94.286,643.816,26.045,32.336,29.013,2.888,2.498,1.23,,,,,,,,,,,,,,,,,,,,,,,,,,
Canada,2020-04-13,25680,1381,1302.429,1225,130,100.714,680.406,36.59,34.509,32.457,3.444,2.668,1.23,,,,,,,,,,,,,,,,,,,,,,,,,,
Canada,2020-04-14,27035,1355,1309,1361,136,111.429,716.308,35.901,34.683,36.06,3.603,2.952,1.23,,,,,,,,,,,,,,,,,,,,,,,,,,
Canada,2020-04-15,28209,1174,1295.429,1515,154,123.857,747.414,31.106,34.323,40.141,4.08,3.282,1.23,,,,,,,,,,,,,,,,,,,,,,,,,,
Canada,2020-04-16,30809,2600,1450.714,1718,203,135.286,816.302,68.888,38.438,45.519,5.379,3.584,1.24,,,,,,,,,,,,,,,,,,,,,,,,,,
Canada,2020-04-17,32814,2005,1536.429,1844,126,139.571,869.426,53.124,40.709,48.858,3.338,3.698,1.23,,,,,,,,,,,,,,,,,,,,,,,,,,
Canada,2020-04-18,34356,1542,1577.143,1987,143,143,910.282,40.856,41.787,52.647,3.789,3.789,1.2,,,,,,,,,,,,,,,,,,,,,,,,,,
Canada,2020-04-19,35633,1277,1619.143,2145,158,150,944.117,33.835,42.9,56.833,4.186,3.974,1.18,,,,,,,,,,,,,,,,,,,,,,,,,,
Canada,2020-04-20,37658,2025,1711.143,2291,146,152.286,997.77,53.654,45.338,60.701,3.868,4.035,1.16,,,,,,,,,,,,,,,,,,,,,,,,,,
Canada,2020-04-21,39402,1744,1766.714,2484,193,160.429,1043.978,46.208,46.81,65.815,5.114,4.251,1.15,,,,,,,,,,,,,,,,,,,,,,,,,,
Canada,2020-04-22,41663,2261,1922,2679,195,166.286,1103.885,59.906,50.924,70.982,5.167,4.406,1.12,,,,,,,,,,,,,,,,,,,,,,,,,,
Canada,2020-04-23,43299,1636,1784.286,2850,171,161.714,1147.232,43.347,47.276,75.512,4.531,4.285,1.09,,,,,,,,,,,,,,,,,,,,,,,,,,
Canada,2020-04-24,44919,1620,1729.286,3030,180,169.429,1190.155,42.923,45.818,80.282,4.769,4.489,1.07,,,,,,,,,,,,,,,,,,,,,,,,,,
Canada,2020-04-25,46371,1452,1716.429,3217,187,175.714,1228.626,38.472,45.478,85.236,4.955,4.656,1.06,,,,,,,,,,,,,,,,,,,,,,,,,,
Canada,2020-04-26,48033,1662,1771.429,3374,157,175.571,1272.662,44.036,46.935,89.396,4.16,4.652,1.04,,,,,,,,,,,,,,,,,,,,,,,,,,
Canada,2020-04-27,49616,1583,1708.286,3559,185,181.143,1314.604,41.942,45.262,94.298,4.902,4.799,1.03,,,,,,,,,,,,,,,,,,,,,,,,,,
Canada,2020-04-28,51150,1534,1678.286,3756,197,181.714,1355.248,40.644,44.467,99.517,5.22,4.815,1.03,,,,,,,,,,,,,,,,,,,,,,,,,,
Canada,2020-04-29,52865,1715,1600.286,4000,244,188.714,1400.688,45.44,42.4,105.982,6.465,5,1.02,,,,,,,,,,,,,,,,,,,,,,,,,,
Canada,2020-04-30,54457,1592,1594,4179,179,189.857,1442.869,42.181,42.234,110.725,4.743,5.03,1.02,,,,,,,,,,,,,,,,,,,,,,,,,,
Canada,2020-05-01,56343,1886,1632,4381,202,193,1492.84,49.971,43.241,116.077,5.352,5.114,1.02,,,,,,,,,,,,,,,,,,,,,,,,,,
Canada,2020-05-02,57926,1583,1650.714,4529,148,187.429,1534.782,41.942,43.737,119.998,3.921,4.966,1.01,,,,,,,,,,,,,,,,,,,,,,,,,,
Canada,2020-05-03,60504,2578,1781.571,4669,140,185,1603.088,68.306,47.204,123.708,3.709,4.902,1,,,,,,,,,,,,,,,,,,,,,,,,,,
Canada,2020-05-04,61957,1453,1763,4911,242,193.143,1641.586,38.498,46.712,130.12,6.412,5.117,0.97,,,,,,,,,,,,,,,,,,,,,,,,,,
Canada,2020-05-05,63215,1258,1723.571,5081,170,189.286,1674.918,33.331,45.667,134.624,4.504,5.015,0.94,,,,,,,,,,,,,,,,,,,,,,,,,,
Canada,2020-05-06,64694,1479,1689.857,5240,159,177.143,1714.104,39.187,44.774,138.837,4.213,4.694,0.92,,,,,,,,,,,,,,,,,,,,,,,,,,
Canada,2020-05-07,66201,1507,1677.714,5387,147,172.571,1754.033,39.929,44.452,142.732,3.895,4.572,0.91,,,,,,,,,,,,,,,,,,,,,,,,,,
Canada,2020-05-08,67674,1473,1618.714,5540,153,165.571,1793.061,39.028,42.889,146.785,4.054,4.387,0.89,,,,,,,,,,,,,,,,,,,,,,,,,,
Canada,2020-05-09,68918,1244,1570.286,5704,164,167.857,1826.022,32.96,41.606,151.131,4.345,4.447,0.88,,,,,,,,,,,,,,,,,,,,,,,,,,
Canada,2020-05-10,70091,1173,1369.571,5822,118,164.714,1857.101,31.079,36.288,154.257,3.126,4.364,0.87,,,,,,,,,,,,,,,,,,,,,,,,,,
Canada,2020-05-11,71264,1173,1329.571,5956,134,149.286,1888.18,31.079,35.228,157.808,3.55,3.955,0.87,,,,,,,,,,,,,,,,,,,,,,,,,,
Canada,2020-05-12,72419,1155,1314.857,6107,151,146.571,1918.783,30.602,34.838,161.808,4.001,3.883,0.86,,,,,,,,,,,,,,,,,,,,,,,,,,
Canada,2020-05-13,73568,1149,1267.714,6210,103,138.571,1949.226,30.443,33.589,164.537,2.729,3.672,0.86,,,,,,,,,,,,,,,,,,,,,,,,,,
Canada,2020-05-14,74781,1213,1225.714,6331,121,134.857,1981.365,32.139,32.476,167.743,3.206,3.573,0.87,,,,,,,,,,,,,,,,,,,,,,,,,,
Canada,2020-05-15,75959,1178,1183.571,6452,121,130.286,2012.577,31.212,31.359,170.949,3.206,3.452,0.87,,,,,,,,,,,,,,,,,,,,,,,,,,
Canada,2020-05-16,77206,1247,1184,6571,119,123.857,2045.617,33.04,31.371,174.102,3.153,3.282,0.87,,,,,,,,,,,,,,,,,,,,,,,,,,
Canada,2020-05-17,78332,1126,1177.286,6661,90,119.857,2075.451,29.834,31.193,176.487,2.385,3.176,0.88,,,,,,,,,,,,,,,,,,,,,,,,,,
Canada,2020-05-18,79411,1079,1163.857,6753,92,113.857,2104.04,28.589,30.837,178.925,2.438,3.017,0.88,,,,,,,,,,,,,,,,,,,,,,,,,,
Canada,2020-05-19,80493,1082,1153.429,6828,75,103,2132.708,28.668,30.561,180.912,1.987,2.729,0.88,,,,,,,,,,,,,,,,,,,,,,,,,,
Canada,2020-05-20,81575,1082,1143.857,6950,122,105.714,2161.376,28.668,30.307,184.144,3.232,2.801,0.88,,,,,,,,,,,,,,,,,,,,,,,,,,
Canada,2020-05-21,82742,1167,1137.286,7046,96,102.143,2192.297,30.92,30.133,186.688,2.544,2.706,0.88,,,,,,,,,,,,,,,,,,,,,,,,,,
Canada,2020-05-22,83947,1205,1141.143,7144,98,98.857,2224.224,31.927,30.235,189.284,2.597,2.619,0.88,,,,,,,,,,,,,,,,,,,,,,,,,,
Canada,2020-05-23,85151,1204,1135,7238,94,95.286,2256.124,31.901,30.072,191.775,2.491,2.525,0.88,,,,,,,,,,,,,,,,,,,,,,,,,,
Canada,2020-05-24,86106,955,1110.571,7326,88,95,2281.428,25.303,29.425,194.107,2.332,2.517,0.87,,,,,,,,,,,,,,,,,,,,,,,,,,
Canada,2020-05-25,87119,1013,1101.143,7420,94,95.286,2308.268,26.84,29.175,196.597,2.491,2.525,0.86,,,,,,,,,,,,,,,,,,,,,,,,,,
Canada,2020-05-26,88090,971,1085.286,7512,92,97.714,2333.995,25.727,28.755,199.035,2.438,2.589,0.85,,,,,,,,,,,,,,,,,,,,,,,,,,
Canada,2020-05-27,88989,899,1059.143,7606,94,93.714,2357.814,23.82,28.063,201.525,2.491,2.483,0.84,,,,,,,,,,,,,,,,,,,,,,,,,,
Canada,2020-05-28,89976,987,1033.429,7717,111,95.857,2383.965,26.151,27.381,204.466,2.941,2.54,0.83,,,,,,,,,,,,,,,,,,,,,,,,,,
Canada,2020-05-29,90909,933,994.571,7797,80,93.286,2408.686,24.72,26.352,206.586,2.12,2.472,0.82,,,,,,,,,,,,,,,,,,,,,,,,,,
Canada,2020-05-30,91681,772,932.857,7857,60,88.429,2429.14,20.455,24.717,208.176,1.59,2.343,0.8,,,,,,,,,,,,,,,,,,,,,,,,,,
Canada,2020-05-31,92479,798,910.429,7906,49,82.857,2450.284,21.143,24.122,209.474,1.298,2.195,0.79,,,,,,,,,,,,,,,,,,,,,,,,,,
Canada,2020-06-01,93288,809,881.286,7952,46,76,2471.719,21.435,23.35,210.693,1.219,2.014,0.79,,,,,,,,,,,,,,,,,,,,,,,,,,
Canada,2020-06-02,93960,672,838.571,8008,56,70.857,2489.524,17.805,22.218,212.177,1.484,1.877,0.78,,,,,,,,,,,,,,,,,,,,,,,,,,
Canada,2020-06-03,94641,681,807.429,8062,54,65.143,2507.567,18.043,21.393,213.607,1.431,1.726,0.77,,,,,,,,,,,,,,,,,,,,,,,,,,
Canada,2020-06-04,95269,628,756.143,8126,64,58.429,2524.207,16.639,20.034,215.303,1.696,1.548,0.76,,,,,,,,,,,,,,,,,,,,,,,,,,
Canada,2020-06-05,95947,678,719.714,8166,40,52.714,2542.171,17.964,19.069,216.363,1.06,1.397,0.76,,,,,,,,,,,,,,,,,,,,,,,,,,
Canada,2020-06-06,96475,528,684.857,8228,62,53,2556.16,13.99,18.146,218.006,1.643,1.404,0.75,,,,,,,,,,,,,,,,,,,,,,,,,,
Canada,2020-06-07,97178,703,671.286,8269,41,51.857,2574.787,18.626,17.786,219.092,1.086,1.374,0.75,,,,,,,,,,,,,,,,,,,,,,,,,,
Canada,2020-06-08,97779,601,641.571,8313,44,51.571,2590.71,15.924,16.999,220.258,1.166,1.366,0.74,,,,,,,,,,,,,,,,,,,,,,,,,,
Canada,2020-06-09,98241,462,611.571,8347,34,48.429,2602.951,12.241,16.204,221.159,0.901,1.283,0.73,,,,,,,,,,,,,,,,,,,,,,,,,,
Canada,2020-06-10,98720,479,582.714,8382,35,45.714,2615.643,12.691,15.439,222.086,0.927,1.211,0.73,,,,,,,,,,,,,,,,,,,,,,,,,,
Canada,2020-06-11,99159,439,555.714,8413,31,41,2627.274,11.632,14.724,222.907,0.821,1.086,0.72,,,,,,,,,,,,,,,,,,,,,,,,,,
Canada,2020-06-12,99595,436,521.143,8442,29,39.429,2638.826,11.552,13.808,223.676,0.768,1.045,0.72,,,,,,,,,,,,,,,,,,,,,,,,,,
Canada,2020-06-13,100043,448,509.714,8470,28,34.571,2650.696,11.87,13.505,224.417,0.742,0.916,0.72,,,,,,,,,,,,,,,,,,,,,,,,,,
Canada,2020-06-14,100404,361,460.857,8489,19,31.429,2660.261,9.565,12.211,224.921,0.503,0.833,0.72,,,,,,,,,,,,,,,,,,,,,,,,,,
Canada,2020-06-15,100763,359,426.286,8497,8,26.286,2669.773,9.512,11.295,225.133,0.212,0.696,0.73,,,,,,,,,,,,,,,,,,,,,,,,,,
Canada,2020-06-16,101087,324,406.571,8521,24,24.857,2678.358,8.585,10.772,225.769,0.636,0.659,0.74,,,,,,,,,,,,,,,,,,,,,,,,,,
Canada,2020-06-17,101491,404,395.857,8542,21,22.857,2689.062,10.704,10.488,226.325,0.556,0.606,0.76,,,,,,,,,,,,,,,,,,,,,,,,,,
Canada,2020-06-18,101877,386,388.286,8555,13,20.286,2699.289,10.227,10.288,226.67,0.344,0.537,0.78,,,,,,,,,,,,,,,,,,,,,,,,,,
Canada,2020-06-19,102314,437,388.429,8580,25,19.714,2710.868,11.579,10.292,227.332,0.662,0.522,0.79,,,,,,,,,,,,,,,,,,,,,,,,,,
Canada,2020-06-20,102762,448,388.429,8609,29,19.857,2722.738,11.87,10.292,228.1,0.768,0.526,0.8,,,,,,,,,,,,,,,,,,,,,,,,,,
Canada,2020-06-21,103078,316,382,8626,17,19.571,2731.11,8.373,10.121,228.551,0.45,0.519,0.8,,,,,,,,,,,,,,,,,,,,,,,,,,
Canada,2020-06-22,103418,340,379.286,8646,20,21.286,2740.119,9.008,10.049,229.081,0.53,0.564,0.8,,,,,,,,,,,,,,,,,,,,,,,,,,
Canada,2020-06-23,103767,349,382.857,8670,24,21.286,2749.366,9.247,10.144,229.717,0.636,0.564,0.81,,,,,,,,,,,,,,,,,,,,,,,,,,
Canada,2020-06-24,104087,320,370.857,8700,30,22.571,2757.844,8.479,9.826,230.511,0.795,0.598,0.82,,,,,,,,,,,,,,,,,,,,,,,,,,
Canada,2020-06-25,104463,376,369.429,8723,23,24,2767.807,9.962,9.788,231.121,0.609,0.636,0.82,,,,,,,,,,,,,,,,,,,,,,,,,,
Canada,2020-06-26,104629,166,330.714,8730,7,21.429,2772.205,4.398,8.762,231.306,0.185,0.568,0.83,,,,,,,,,,,,,,,,,,,,,,,,,,
Canada,2020-06-27,104878,249,302.286,8739,9,18.571,2778.802,6.597,8.009,231.545,0.238,0.492,0.85,,,,,,,,,,,,,,,,,,,,,,,,,,
Canada,2020-06-28,105193,315,302.143,8749,10,17.571,2787.149,8.346,8.005,231.81,0.265,0.466,0.88,,,,,,,,,,,,,,,,,,,,,,,,,,
Canada,2020-06-29,105830,637,344.571,8768,19,17.429,2804.026,16.878,9.13,232.313,0.503,0.462,0.89,,,,,,,,,,,,,,,,,,,,,,,,,,
Canada,2020-06-30,106097,267,332.857,8780,12,15.714,2811.101,7.074,8.819,232.631,0.318,0.416,0.89,,,,,,,,,,,,,,,,,,,,,,,,,,
Canada,2020-07-01,106288,191,314.429,8790,10,12.857,2816.161,5.061,8.331,232.896,0.265,0.341,0.89,,,,,,,,,,,,,,,,,,,,,,,,,,
Canada,2020-07-02,106643,355,311.429,8806,16,11.857,2825.567,9.406,8.251,233.32,0.424,0.314,0.9,,,,,,,,,,,,,,,,,,,,,,,,,,
Canada,2020-07-03,106962,319,333.286,8813,7,11.857,2834.019,8.452,8.831,233.505,0.185,0.314,0.9,,,,,,,,,,,,,,,,,,,,,,,,,,
Canada,2020-07-04,107185,223,329.571,8821,8,11.714,2839.928,5.909,8.732,233.717,0.212,0.31,0.91,,,,,,,,,,,,,,,,,,,,,,,,,,
Canada,2020-07-05,107394,209,314.429,8823,2,10.571,2845.465,5.538,8.331,233.77,0.053,0.28,0.92,,,,,,,,,,,,,,,,,,,,,,,,,,
Canada,2020-07-06,107815,421,283.571,8836,13,9.714,2856.62,11.155,7.513,234.115,0.344,0.257,0.93,,,,,,,,,,,,,,,,,,,,,,,,,,
Canada,2020-07-07,108023,208,275.143,8843,7,9,2862.131,5.511,7.29,234.3,0.185,0.238,0.95,,,,,,,,,,,,,,,,,,,,,,,,,,
Canada,2020-07-08,108334,311,292.286,8855,12,9.286,2870.371,8.24,7.744,234.618,0.318,0.246,0.98,,,,,,,,,,,,,,,,,,,,,,,,,,
Canada,2020-07-09,108656,322,287.571,8865,10,8.429,2878.903,8.532,7.619,234.883,0.265,0.223,1,,,,,,,,,,,,,,,,,,,,,,,,,,
Canada,2020-07-10,108984,328,288.857,8879,14,9.429,2887.593,8.691,7.653,235.254,0.371,0.25,1.02,,,,,,,,,,,,,,,,,,,,,,,,,,
Canada,2020-07-11,109150,166,280.714,8882,3,8.714,2891.992,4.398,7.438,235.334,0.079,0.231,1.05,,,,,,,,,,,,,,,,,,,,,,,,,,
Canada,2020-07-12,109348,198,279.143,8887,5,9.143,2897.238,5.246,7.396,235.466,0.132,0.242,1.08,,,,,,,,,,,,,,,,,,,,,,,,,,
Canada,2020-07-13,109984,636,309.857,8895,8,8.429,2914.089,16.851,8.21,235.678,0.212,0.223,1.11,,,,,,,,,,,,,,,,,,,,,,,,,,
Canada,2020-07-14,110350,366,332.429,8900,5,8.143,2923.786,9.697,8.808,235.811,0.132,0.216,1.13,,,,,,,,,,,,,,,,,,,,,,,,,,
Canada,2020-07-15,110693,343,337,8914,14,8.429,2932.874,9.088,8.929,236.182,0.371,0.223,1.15,,,,,,,,,,,,,,,,,,,,,,,,,,
Canada,2020-07-16,111144,451,355.429,8926,12,8.714,2944.824,11.95,9.417,236.499,0.318,0.231,1.16,,,,,,,,,,,,,,,,,,,,,,,,,,
Canada,2020-07-17,111559,415,367.857,8936,10,8.143,2955.819,10.996,9.747,236.764,0.265,0.216,1.16,,,,,,,,,,,,,,,,,,,,,,,,,,
Canada,2020-07-18,111875,316,389.286,8939,3,8.143,2964.192,8.373,10.314,236.844,0.079,0.216,1.17,,,,,,,,,,,,,,,,,,,,,,,,,,
Canada,2020-07-19,112168,293,402.857,8943,4,8,2971.955,7.763,10.674,236.95,0.106,0.212,1.18,,,,,,,,,,,,,,,,,,,,,,,,,,
Canada,2020-07-20,112938,770,422,8947,4,7.429,2992.357,20.402,11.181,237.056,0.106,0.197,1.19,,,,,,,,,,,,,,,,,,,,,,,,,,
Canada,2020-07-21,113473,535,446.143,8954,7,7.714,3006.532,14.175,11.821,237.241,0.185,0.204,1.18,,,,,,,,,,,,,,,,,,,,,,,,,,
Canada,2020-07-22,113790,317,442.429,8958,4,6.286,3014.931,8.399,11.722,237.347,0.106,0.167,1.17,,,,,,,,,,,,,,,,,,,,,,,,,,
Canada,2020-07-23,114398,608,464.857,8966,8,5.714,3031.04,16.109,12.317,237.559,0.212,0.151,1.16,,,,,,,,,,,,,,,,,,,,,,,,,,
Canada,2020-07-24,115115,717,508,8970,4,4.857,3050.038,18.997,13.46,237.665,0.106,0.129,1.14,,,,,,,,,,,,,,,,,,,,,,,,,,
Canada,2020-07-25,115470,355,513.571,8974,4,5,3059.444,9.406,13.607,237.771,0.106,0.132,1.11,,,,,,,,,,,,,,,,,,,,,,,,,,
Canada,2020-07-26,115789,319,517.286,8978,4,5,3067.896,8.452,13.706,237.877,0.106,0.132,1.08,,,,,,,,,,,,,,,,,,,,,,,,,,
Canada,2020-07-27,116471,682,504.714,8991,13,6.286,3085.966,18.07,13.373,238.222,0.344,0.167,1.05,,,,,,,,,,,,,,,,,,,,,,,,,,
Canada,2020-07-28,116871,400,485.429,9001,10,6.714,3096.564,10.598,12.862,238.487,0.265,0.178,1.02,,,,,,,,,,,,,,,,,,,,,,,,,,
Canada,2020-07-29,117357,486,509.571,9006,5,6.857,3109.441,12.877,13.501,238.619,0.132,0.182,1,,,,,,,,,,,,,,,,,,,,,,,,,,
Canada,2020-07-30,117677,320,468.429,9019,13,7.571,3117.919,8.479,12.411,238.964,0.344,0.201,0.98,,,,,,,,,,,,,,,,,,,,,,,,,,
Canada,2020-07-31,118281,604,452.286,9025,6,7.857,3133.923,16.003,11.984,239.123,0.159,0.208,0.97,,,,,,,,,,,,,,,,,,,,,,,,,,
Canada,2020-08-01,118523,242,436.143,9029,4,7.857,3140.335,6.412,11.556,239.229,0.106,0.208,0.96,,,,,,,,,,,,,,,,,,,,,,,,,,
Canada,2020-08-02,118768,245,425.571,9032,3,7.714,3146.826,6.491,11.276,239.308,0.079,0.204,0.95,,,,,,,,,,,,,,,,,,,,,,,,,,
Canada,2020-08-03,118973,205,357.429,9035,3,6.286,3152.258,5.432,9.47,239.387,0.079,0.167,0.94,,,,,,,,,,,,,,,,,,,,,,,,,,
Canada,2020-08-04,119659,686,398.286,9043,8,6,3170.434,18.176,10.553,239.599,0.212,0.159,0.97,,,,,,,,,,,,,,,,,,,,,,,,,,
Canada,2020-08-05,120033,374,382.286,9049,6,6.143,3180.343,9.909,10.129,239.758,0.159,0.163,0.97,,,,,,,,,,,,,,,,,,,,,,,,,,
Canada,2020-08-06,120387,354,387.143,9055,6,5.143,3189.722,9.379,10.258,239.917,0.159,0.136,0.97,,,,,,,,,,,,,,,,,,,,,,,,,,
Canada,2020-08-07,120903,516,374.571,9060,5,5,3203.394,13.672,9.924,240.05,0.132,0.132,0.98,,,,,,,,,,,,,,,,,,,,,,,,,,
Canada,2020-08-08,121148,245,375,9064,4,5,3209.885,6.491,9.936,240.156,0.106,0.132,0.98,,,,,,,,,,,,,,,,,,,,,,,,,,
Canada,2020-08-09,121367,219,371.286,9067,3,5,3215.688,5.803,9.837,240.235,0.079,0.132,0.99,,,,,,,,,,,,,,,,,,,,,,,,,,
Canada,2020-08-10,122053,686,440,9074,7,5.571,3233.864,18.176,11.658,240.421,0.185,0.148,0.99,,,,,,,,,,,,,,,,,,,,,,,,,,
Canada,2020-08-11,122389,336,390,9080,6,5.286,3242.766,8.903,10.333,240.58,0.159,0.14,0.97,,,,,,,,,,,,,,,,,,,,,,,,,,
Canada,2020-08-12,122703,314,381.429,9085,5,5.143,3251.086,8.32,10.106,240.712,0.132,0.136,0.98,,,,,,,,,,,,,,,,,,,,,,,,,,
Canada,2020-08-13,123180,477,399,9091,6,5.143,3263.724,12.638,10.572,240.871,0.159,0.136,0.99,,,,,,,,,,,,,,,,,,,,,,,,,,
Canada,2020-08-14,123605,425,386,9095,4,5,3274.985,11.261,10.227,240.977,0.106,0.132,0.99,,,,,,,,,,,,,,,,,,,,,,,,,,
Canada,2020-08-15,123825,220,382.429,9101,6,5.286,3280.814,5.829,10.133,241.136,0.159,0.14,1,,,,,,,,,,,,,,,,,,,,,,,,,,
Canada,2020-08-16,124004,179,376.714,9106,5,5.571,3285.557,4.743,9.981,241.269,0.132,0.148,1.01,,,,,,,,,,,,,,,,,,,,,,,,,,
Canada,2020-08-17,124218,214,309.286,9108,2,4.857,3291.227,5.67,8.195,241.322,0.053,0.129,1.02,,,,,,,,,,,,,,,,,,,,,,,,,,
Canada,2020-08-18,125084,866,385,9118,10,5.429,3314.172,22.945,10.201,241.587,0.265,0.144,1.07,,,,,,,,,,,,,,,,,,,,,,,,,,
Canada,2020-08-19,125408,324,386.429,9124,6,5.571,3322.757,8.585,10.239,241.746,0.159,0.148,1.07,,,,,,,,,,,,,,,,,,,,,,,,,,
Canada,2020-08-20,125625,217,349.286,9127,3,5.143,3328.506,5.75,9.255,241.825,0.079,0.136,1.08,,,,,,,,,,,,,,,,,,,,,,,,,,
Canada,2020-08-21,126319,694,387.714,9141,14,6.571,3346.894,18.388,10.273,242.196,0.371,0.174,1.1,,,,,,,,,,,,,,,,,,,,,,,,,,
Canada,2020-08-22,126560,241,390.714,9142,1,5.857,3353.279,6.385,10.352,242.223,0.026,0.155,1.11,,,,,,,,,,,,,,,,,,,,,,,,,,
Canada,2020-08-23,126817,257,401.857,9146,4,5.714,3360.089,6.809,10.647,242.328,0.106,0.151,1.11,,,,,,,,,,,,,,,,,,,,,,,,,,
Canada,2020-08-24,127594,777,482.286,9154,8,6.571,3380.676,20.587,12.778,242.54,0.212,0.174,1.11,,,,,,,,,,,,,,,,,,,,,,,,,,
Canada,2020-08-25,127903,309,402.714,9159,5,5.857,3388.863,8.187,10.67,242.673,0.132,0.155,1.1,,,,,,,,,,,,,,,,,,,,,,,,,,
Canada,2020-08-26,128380,477,424.571,9164,5,5.714,3401.501,12.638,11.249,242.805,0.132,0.151,1.12,,,,,,,,,,,,,,,,,,,,,,,,,,
Canada,2020-08-27,128836,456,458.714,9168,4,5.857,3413.583,12.082,12.154,242.911,0.106,0.155,1.13,,,,,,,,,,,,,,,,,,,,,,,,,,
Canada,2020-08-28,129342,506,431.857,9181,13,5.714,3426.99,13.407,11.442,243.256,0.344,0.151,1.14,,,,,,,,,,,,,,,,,,,,,,,,,,
Canada,2020-08-29,129639,297,439.857,9184,3,6,3434.859,7.869,11.654,243.335,0.079,0.159,1.15,,,,,,,,,,,,,,,,,,,,,,,,,,
Canada,2020-08-30,129888,249,438.714,9185,1,5.571,3441.457,6.597,11.624,243.362,0.026,0.148,1.17,,,,,,,,,,,,,,,,,,,,,,,,,,
Canada,2020-08-31,130918,1030,474.857,9193,8,5.571,3468.747,27.29,12.582,243.574,0.212,0.148,1.19,,,,,,,,,,,,,,,,,,,,,,,,,,
Canada,2020-09-01,131422,504,502.714,9197,4,5.429,3482.101,13.354,13.32,243.68,0.106,0.144,1.18,,,,,,,,,,,,,,,,,,,,,,,,,,
Canada,2020-09-02,131941,519,508.714,9199,2,5,3495.852,13.751,13.479,243.733,0.053,0.132,1.18,,,,,,,,,,,,,,,,,,,,,,,,,,
Canada,2020-09-03,132527,586,527.286,9205,6,5.286,3511.379,15.526,13.971,243.892,0.159,0.14,1.19,,,,,,,,,,,,,,,,,,,,,,,,,,
Canada,2020-09-04,133141,614,542.714,9206,1,3.571,3527.647,16.268,14.38,243.918,0.026,0.095,1.19,,,,,,,,,,,,,,,,,,,,,,,,,,
Canada,2020-09-05,133511,370,553.143,9207,1,3.286,3537.45,9.803,14.656,243.945,0.026,0.087,1.2,,,,,,,,,,,,,,,,,,,,,,,,,,
Canada,2020-09-06,133890,379,571.714,9209,2,3.429,3547.492,10.042,15.148,243.998,0.053,0.091,1.21,,,,,,,,,,,,,,,,,,,,,,,,,,
Canada,2020-09-07,134295,405,482.429,9212,3,2.714,3558.223,10.731,12.782,244.077,0.079,0.072,1.22,,,,,,,,,,,,,,,,,,,,,,,,,,
Canada,2020-09-08,135757,1462,619.286,9219,7,3.143,3596.959,38.737,16.408,244.263,0.185,0.083,1.26,,,,,,,,,,,,,,,,,,,,,,,,,,
Canada,2020-09-09,136135,378,599.143,9223,4,3.429,3606.975,10.015,15.875,244.369,0.106,0.091,1.26,,,,,,,,,,,,,,,,,,,,,,,,,,
Canada,2020-09-10,136956,821,632.714,9231,8,3.714,3628.727,21.753,16.764,244.581,0.212,0.098,1.27,,,,,,,,,,,,,,,,,,,,,,,,,,
Canada,2020-09-11,137676,720,647.857,9231,0,3.571,3647.804,19.077,17.165,244.581,0,0.095,1.27,,,,,,,,,,,,,,,,,,,,,,,,,,
Canada,2020-09-12,138164,488,664.714,9233,2,3.714,3660.734,12.93,17.612,244.634,0.053,0.098,1.28,,,,,,,,,,,,,,,,,,,,,,,,,,
Canada,2020-09-13,138640,476,678.571,9236,3,3.857,3673.346,12.612,17.979,244.713,0.079,0.102,1.29,,,,,,,,,,,,,,,,,,,,,,,,,,
Canada,2020-09-14,140098,1458,829,9249,13,5.286,3711.977,38.631,21.965,245.058,0.344,0.14,1.3,,,,,,,,,,,,,,,,,,,,,,,,,,
Canada,2020-09-15,140900,802,734.714,9257,8,5.429,3733.226,21.249,19.467,245.27,0.212,0.144,1.3,,,,,,,,,,,,,,,,,,,,,,,,,,
Canada,2020-09-16,141852,952,816.714,9262,5,5.571,3758.45,25.224,21.639,245.402,0.132,0.148,1.31,,,,,,,,,,,,,,,,,,,,,,,,,,
Canada,2020-09-17,142879,1027,846.143,9267,5,5.143,3785.661,27.211,22.419,245.534,0.132,0.136,1.32,,,,,,,,,,,,,,,,,,,,,,,,,,
Canada,2020-09-18,144053,1174,911,9279,12,6.857,3816.766,31.106,24.137,245.852,0.318,0.182,1.32,,,,,,,,,,,,,,,,,,,,,,,,,,
Canada,2020-09-19,144607,554,920.429,9286,7,7.571,3831.445,14.679,24.387,246.038,0.185,0.201,1.33,,,,,,,,,,,,,,,,,,,,,,,,,,
Canada,2020-09-20,145750,1143,1015.714,9288,2,7.429,3861.729,30.284,26.912,246.091,0.053,0.197,1.33,,,,,,,,,,,,,,,,,,,,,,,,,,
Canada,2020-09-21,147583,1833,1069.286,9300,12,7.286,3910.296,48.566,28.331,246.409,0.318,0.193,1.33,,,,,,,,,,,,,,,,,,,,,,,,,,
Canada,2020-09-22,148855,1272,1136.429,9309,9,7.429,3943.998,33.702,30.11,246.647,0.238,0.197,1.32,,,,,,,,,,,,,,,,,,,,,,,,,,
Canada,2020-09-23,149939,1084,1155.286,9317,8,7.857,3972.719,28.721,30.61,246.859,0.212,0.208,1.31,,,,,,,,,,,,,,,,,,,,,,,,,,
Canada,2020-09-24,151087,1148,1172.571,9325,8,8.286,4003.136,30.417,31.068,247.071,0.212,0.22,1.31,,,,,,,,,,,,,,,,,,,,,,,,,,
Canada,2020-09-25,152717,1630,1237.714,9332,7,7.571,4046.324,43.188,32.794,247.257,0.185,0.201,1.32,,,,,,,,,,,,,,,,,,,,,,,,,,
Canada,2020-09-26,153770,1053,1309,9338,6,7.429,4074.224,27.9,34.683,247.416,0.159,0.197,1.32,,,,,,,,,,,,,,,,,,,,,,,,,,
Canada,2020-09-27,155428,1658,1382.571,9343,5,7.857,4118.154,43.93,36.632,247.548,0.132,0.208,1.32,,,,,,,,,,,,,,,,,,,,,,,,,,
Canada,2020-09-28,157219,1791,1376.571,9360,17,8.571,4165.607,47.454,36.473,247.999,0.45,0.227,1.31,,,,,,,,,,,,,,,,,,,,,,,,,,
Canada,2020-09-29,158991,1772,1448,9373,13,9.143,4212.557,46.95,38.366,248.343,0.344,0.242,1.31,,,,,,,,,,,,,,,,,,,,,,,,,,
Canada,2020-09-30,161107,2116,1595.429,9391,18,10.571,4268.622,56.065,42.272,248.82,0.477,0.28,1.32,,,,,,,,,,,,,,,,,,,,,,,,,,
Canada,2020-10-01,162930,1823,1691.857,9407,16,11.714,4316.923,48.301,44.827,249.244,0.424,0.31,1.31,,,,,,,,,,,,,,,,,,,,,,,,,,
Canada,2020-10-02,165054,2124,1762.429,9505,98,24.714,4373.2,56.277,46.697,251.84,2.597,0.655,1.3,,,,,,,,,,,,,,,,,,,,,,,,,,
Canada,2020-10-03,166360,1306,1798.571,9526,21,26.857,4407.803,34.603,47.654,252.397,0.556,0.712,1.29,,,,,,,,,,,,,,,,,,,,,,,,,,
Canada,2020-10-04,168501,2141,1867.571,9570,44,32.429,4464.53,56.727,49.482,253.563,1.166,0.859,1.28,,,,,,,,,,,,,,,,,,,,,,,,,,
Canada,2020-10-05,171384,2883,2023.571,9599,29,34.143,4540.917,76.387,53.616,254.331,0.768,0.905,1.26,,,,,,,,,,,,,,,,,,,,,,,,,,
Canada,2020-10-06,173756,2372,2109.286,9617,18,34.857,4603.764,62.847,55.887,254.808,0.477,0.924,1.24,,,,,,,,,,,,,,,,,,,,,,,,,,
Canada,2020-10-07,175380,1624,2039,9636,19,35,4646.793,43.029,54.024,255.311,0.503,0.927,1.22,,,,,,,,,,,,,,,,,,,,,,,,,,
Canada,2020-10-08,177730,2350,2114.286,9654,18,35.286,4709.058,62.265,56.019,255.788,0.477,0.935,1.22,,,,,,,,,,,,,,,,,,,,,,,,,,
Canada,2020-10-09,180625,2895,2224.429,9668,14,23.286,4785.763,76.705,58.938,256.159,0.371,0.617,1.2,,,,,,,,,,,,,,,,,,,,,,,,,,
Canada,2020-10-10,182767,2142,2343.857,9694,26,24,4842.516,56.754,62.102,256.848,0.689,0.636,1.19,,,,,,,,,,,,,,,,,,,,,,,,,,
Canada,2020-10-11,184403,1636,2271.714,9708,14,19.714,4885.863,43.347,60.19,257.219,0.371,0.522,1.16,,,,,,,,,,,,,,,,,,,,,,,,,,
Canada,2020-10-12,185378,975,1999.143,9720,12,17.286,4911.696,25.833,52.968,257.537,0.318,0.458,1.15,,,,,,,,,,,,,,,,,,,,,,,,,,
Canada,2020-10-13,189489,4111,2247.571,9752,32,19.286,5020.619,108.923,59.551,258.385,0.848,0.511,1.17,,,,,,,,,,,,,,,,,,,,,,,,,,
Canada,2020-10-14,192064,2575,2383.429,9777,25,20.143,5088.845,68.226,63.15,259.047,0.662,0.534,1.16,,,,,,,,,,,,,,,,,,,,,,,,,,
Canada,2020-10-15,194362,2298,2376,9796,19,20.286,5149.732,60.887,62.953,259.551,0.503,0.537,1.15,,,,,,,,,,,,,,,,,,,,,,,,,,
Canada,2020-10-16,196928,2566,2329,9828,32,22.857,5217.72,67.988,61.708,260.398,0.848,0.606,1.14,,,,,,,,,,,,,,,,,,,,,,,,,,
Canada,2020-10-17,197067,139,2042.857,9836,8,20.286,5221.403,3.683,54.127,260.61,0.212,0.537,1.13,,,,,,,,,,,,,,,,,,,,,,,,,,
Canada,2020-10-18,200804,3737,2343,9860,24,21.714,5320.417,99.014,62.079,261.246,0.636,0.575,1.15,,,,,,,,,,,,,,,,,,,,,,,,,,
Canada,2020-10-19,204111,3307,2676.143,9891,31,24.429,5408.037,87.621,70.906,262.068,0.821,0.647,1.14,,,,,,,,,,,,,,,,,,,,,,,,,,
Canada,2020-10-20,206349,2238,2408.571,9909,18,22.429,5467.335,59.297,63.816,262.545,0.477,0.594,1.13,,,,,,,,,,,,,,,,,,,,,,,,,,
Canada,2020-10-21,209036,2687,2424.571,9946,37,24.143,5538.528,71.194,64.24,263.525,0.98,0.64,1.13,,,,,,,,,,,,,,,,,,,,,,,,,,
Canada,2020-10-22,211617,2581,2465,9977,31,25.857,5606.913,68.385,65.312,264.346,0.821,0.685,1.13,,,,,,,,,,,,,,,,,,,,,,,,,,
Canada,2020-10-23,214519,2902,2513,10004,27,25.143,5683.803,76.89,66.583,265.062,0.715,0.666,1.13,,,,,,,,,,,,,,,,,,,,,,,,,,
Canada,2020-10-24,216051,1532,2712,10026,22,27.143,5724.395,40.591,71.856,265.645,0.583,0.719,1.13,,,,,,,,,,,,,,,,,,,,,,,,,,
Canada,2020-10-25,218874,2823,2581.429,10057,31,28.143,5799.192,74.797,68.396,266.466,0.821,0.746,1.14,,,,,,,,,,,,,,,,,,,,,,,,,,
Canada,2020-10-26,222973,4099,2694.571,10095,38,29.143,5907.797,108.605,71.394,267.473,1.007,0.772,1.14,,,,,,,,,,,,,,,,,,,,,,,,,,
Canada,2020-10-27,225703,2730,2764.857,10120,25,30.143,5980.13,72.333,73.256,268.135,0.662,0.799,1.14,,,,,,,,,,,,,,,,,,,,,,,,,,
Canada,2020-10-28,228366,2663,2761.429,10158,38,30.286,6050.688,70.558,73.166,269.142,1.007,0.802,1.14,,,,,,,,,,,,,,,,,,,,,,,,,,
Canada,2020-10-29,231383,3017,2823.714,10192,34,30.714,6130.625,79.937,74.816,270.043,0.901,0.814,1.14,,,,,,,,,,,,,,,,,,,,,,,,,,
Canada,2020-10-30,234939,3556,2917.143,10237,45,33.286,6224.843,94.218,77.291,271.235,1.192,0.882,1.14,,,,,,,,,,,,,,,,,,,,,,,,,,
Canada,2020-10-31,237313,2374,3037.429,10276,39,35.714,6287.743,62.9,80.478,272.268,1.033,0.946,1.15,,,,,,,,,,,,,,,,,,,,,,,,,,
Canada,2020-11-01,239649,2336,2967.857,10313,37,36.571,6349.637,61.894,78.635,273.249,0.98,0.969,1.15,,,,,,,,,,,,,,,,,,,,,,,,,,
Canada,2020-11-02,243178,3529,2886.429,10345,32,35.714,6443.14,93.503,76.478,274.097,0.848,0.946,1.17,,,,,,,,,,,,,,,,,,,,,,,,,,
Canada,2020-11-03,247916,4738,3173.286,10403,58,40.429,6568.676,125.536,84.078,275.633,1.537,1.071,1.19,,,,,,,,,,,,,,,,,,,,,,,,,,
Canada,2020-11-04,250698,2782,3190.286,10444,41,40.857,6642.387,73.711,84.528,276.72,1.086,1.083,1.19,,,,,,,,,,,,,,,,,,,,,,,,,,
Canada,2020-11-05,253482,2784,3157,10484,40,41.714,6716.15,73.764,83.647,277.78,1.06,1.105,1.2,,,,,,,,,,,,,,,,,,,,,,,,,,
Canada,2020-11-06,258875,5393,3419.429,10546,62,44.143,6859.041,142.891,90.6,279.422,1.643,1.17,1.22,,,,,,,,,,,,,,,,,,,,,,,,,,
Canada,2020-11-07,263221,4346,3701.143,10593,47,45.286,6974.191,115.15,98.064,280.668,1.245,1.2,1.22,,,,,,,,,,,,,,,,,,,,,,,,,,
Canada,2020-11-08,267165,3944,3930.857,10641,48,46.857,7078.689,104.499,104.15,281.939,1.272,1.242,1.22,,,,,,,,,,,,,,,,,,,,,,,,,,
Canada,2020-11-09,272036,4871,4122.571,10702,61,51,7207.749,129.06,109.23,283.556,1.616,1.351,1.2,,,,,,,,,,,,,,,,,,,,,,,,,,
Canada,2020-11-10,276481,4445,4080.714,10769,67,52.286,7325.522,117.773,108.121,285.331,1.775,1.385,1.2,,,,,,,,,,,,,,,,,,,,,,,,,,
Canada,2020-11-11,280465,3984,4252.429,10832,63,55.429,7431.08,105.558,112.671,287,1.669,1.469,1.19,,,,,,,,,,,,,,,,,,,,,,,,,,
Canada,2020-11-12,285939,5474,4636.714,10905,73,60.143,7576.117,145.037,122.852,288.934,1.934,1.594,1.19,,,,,,,,,,,,,,,,,,,,,,,,,,
Canada,2020-11-13,290709,4770,4547.714,10951,46,57.857,7702.501,126.384,120.494,290.153,1.219,1.533,1.17,,,,,,,,,,,,,,,,,,,,,,,,,,
Canada,2020-11-14,295139,4430,4559.714,11013,62,60,7819.876,117.375,120.812,291.796,1.643,1.59,1.16,,,,,,,,,,,,,,,,,,,,,,,,,,
Canada,2020-11-15,299440,4301,4610.714,11078,65,62.429,7933.834,113.957,122.164,293.518,1.722,1.654,1.15,,,,,,,,,,,,,,,,,,,,,,,,,,
Canada,2020-11-16,305473,6033,4776.714,11152,74,64.286,8093.682,159.848,126.562,295.479,1.961,1.703,1.14,,,,,,,,,,,,,,,,,,,,,,,,,,
Canada,2020-11-17,309935,4462,4779.143,11220,68,64.429,8211.905,118.223,126.626,297.28,1.802,1.707,1.13,,,,,,,,,,,,,,,,,,,,,,,,,,
Canada,2020-11-18,314453,4518,4855.429,11324,104,70.286,8331.612,119.707,128.647,300.036,2.756,1.862,1.13,,,,,,,,,,,,,,,,,,,,,,,,,,
Canada,2020-11-19,319247,4794,4758.286,11394,70,69.857,8458.632,127.02,126.073,301.891,1.855,1.851,1.12,,,,,,,,,,,,,,,,,,,,,,,,,,
Canada,2020-11-20,324234,4987,4789.286,11461,67,72.857,8590.765,132.133,126.895,303.666,1.775,1.93,1.12,,,,,,,,,,,,,,,,,,,,,,,,,,
Canada,2020-11-21,329191,4957,4864.571,11527,66,73.429,8722.104,131.339,128.89,305.414,1.749,1.946,1.12,,,,,,,,,,,,,,,,,,,,,,,,,,
Canada,2020-11-22,333936,4745,4928,11583,56,72.143,8847.825,125.721,130.57,306.898,1.484,1.911,1.12,,,,,,,,,,,,,,,,,,,,,,,,,,
Canada,2020-11-23,340731,6795,5036.857,11662,79,72.857,9027.862,180.037,133.454,308.991,2.093,1.93,1.12,,,,,,,,,,,,,,,,,,,,,,,,,,
Canada,2020-11-24,346013,5282,5154,11762,100,77.429,9167.812,139.95,136.558,311.641,2.65,2.052,1.12,,,,,,,,,,,,,,,,,,,,,,,,,,
Canada,2020-11-25,350971,4958,5216.857,11820,58,70.857,9299.177,131.365,138.224,313.178,1.537,1.877,1.12,,,,,,,,,,,,,,,,,,,,,,,,,,
Canada,2020-11-26,356650,5679,5343.286,11902,82,72.571,9449.645,150.468,141.573,315.35,2.173,1.923,1.12,,,,,,,,,,,,,,,,,,,,,,,,,,
Canada,2020-11-27,362604,5954,5481.429,11988,86,75.286,9607.4,157.755,145.234,317.629,2.279,1.995,1.13,,,,,,,,,,,,,,,,,,,,,,,,,,
Canada,2020-11-28,368279,5675,5584,12056,68,75.571,9757.762,150.362,147.951,319.431,1.802,2.002,1.12,,,,,,,,,,,,,,,,,,,,,,,,,,
Canada,2020-11-29,373662,5383,5675.143,12130,74,78.143,9900.388,142.626,150.366,321.391,1.961,2.07,1.12,,,,,,,,,,,,,,,,,,,,,,,,,,
Canada,2020-11-30,381557,7895,5832.286,12239,109,82.429,10109.571,209.183,154.53,324.279,2.888,2.184,1.12,,,,,,,,,,,,,,,,,,,,,,,,,,
Canada,2020-12-01,387052,5495,5862.714,12317,78,79.286,10255.164,145.593,155.336,326.346,2.067,2.101,1.12,,,,,,,,,,,,,,,,,,,,,,,,,,
Canada,2020-12-02,393506,6454,6076.429,12423,106,86.143,10426.166,171.002,160.998,329.154,2.809,2.282,1.11,,,,,,,,,,,,,,,,,,,,,,,,,,
Canada,2020-12-03,399770,6264,6160,12513,90,87.286,10592.134,165.968,163.213,331.539,2.385,2.313,1.11,,,,,,,,,,,,,,,,,,,,,,,,,,
Canada,2020-12-04,406189,6419,6226.429,12616,103,89.714,10762.209,170.075,164.973,334.268,2.729,2.377,1.1,,,,,,,,,,,,,,,,,,,,,,,,,,
Canada,2020-12-05,412543,6354,6323.429,12690,74,90.571,10930.562,168.353,167.543,336.229,1.961,2.4,1.1,,,,,,,,,,,,,,,,,,,,,,,,,,
Canada,2020-12-06,418848,6305,6455.143,12775,85,92.143,11097.617,167.055,171.033,338.481,2.252,2.441,1.09,,,,,,,,,,,,,,,,,,,,,,,,,,
Canada,2020-12-07,426572,7724,6430.714,12896,121,93.857,11302.269,204.652,170.385,341.687,3.206,2.487,1.08,,,,,,,,,,,,,,,,,,,,,,,,,,
Canada,2020-12-08,432743,6171,6527.286,12993,97,96.571,11465.773,163.504,172.944,344.257,2.57,2.559,1.07,,,,,,,,,,,,,,,,,,,,,,,,,,
Canada,2020-12-09,439142,6399,6519.429,13109,116,98,11635.318,169.545,172.736,347.33,3.073,2.597,1.07,,,,,,,,,,,,,,,,,,,,,,,,,,
Canada,2020-12-10,445828,6686,6579.714,13227,118,102,11812.467,177.149,174.333,350.457,3.126,2.703,1.06,,,,,,,,,,,,,,,,,,,,,,,,,,
Canada,2020-12-11,452543,6715,6622,13355,128,105.571,11990.385,177.918,175.454,353.848,3.391,2.797,1.06,,,,,,,,,,,,,,,,,,,,,,,,,,
Canada,2020-12-12,458527,5984,6569.143,13453,98,109,12148.935,158.549,174.053,356.445,2.597,2.888,1.05,,,,,,,,,,,,,,,,,,,,,,,,,,
Canada,2020-12-13,464443,5916,6513.571,13537,84,108.857,12305.682,156.748,172.581,358.671,2.226,2.884,1.04,,,,,,,,,,,,,,,,,,,,,,,,,,
Canada,2020-12-14,472820,8377,6606.857,13677,140,111.571,12527.636,221.953,175.052,362.38,3.709,2.956,1.04,5,,,,,0,,,,,,,,,,,,,,,,,,,,
Canada,2020-12-15,479064,6244,6617.286,13793,116,114.286,12693.074,165.438,175.329,365.453,3.073,3.028,1.03,723,,,718,718,0,,,19,,,,,,,,,,,,,,,,,
Canada,2020-12-16,485576,6512,6633.429,13911,118,114.571,12865.613,172.539,175.756,368.58,3.126,3.036,1.03,3023,,,2300,1509,0.01,,,40,,,,,,,,,,,,,,,,,
Canada,2020-12-17,492582,7006,6679.143,14067,156,120,13051.241,185.628,176.968,372.713,4.133,3.179,1.03,7202,,,4179,2399,0.02,,,64,,,,,,,,,,,,,,,,,
Canada,2020-12-18,499282,6700,6677,14180,113,117.857,13228.762,177.52,176.911,375.707,2.994,3.123,1.03,11174,,,3972,2792,0.03,,,74,,,,,,,,,,,,,,,,,
Canada,2020-12-19,505741,6459,6744.857,14284,104,118.714,13399.897,171.135,178.709,378.463,2.756,3.145,1.02,11894,,,720,2378,0.03,,,63,,,,,,,,,,,,,,,,,
Canada,2020-12-20,511748,6007,6757.857,14374,90,119.571,13559.055,159.159,179.053,380.847,2.385,3.168,1,12738,,,844,2122,0.03,,,56,,,,,,,,,,,,,,,,,
Canada,2020-12-21,519325,7577,6643.571,14481,107,114.857,13759.812,200.757,176.025,383.682,2.835,3.043,1,20866,,,8128,2980,0.06,,,79,,,,,,,,,,,,,,,,,
Canada,2020-12-22,525585,6260,6645.857,14607,126,116.286,13925.675,165.862,176.086,387.021,3.338,3.081,1,26603,,,5737,3697,0.07,,,98,,,,,,,,,,,,,,,,,
Canada,2020-12-23,532506,6921,6704.286,14752,145,120.143,14109.051,183.376,177.634,390.863,3.842,3.183,0.99,35089,,,8486,4581,0.09,,,121,,,,,,,,,,,,,,,,,
Canada,2020-12-24,539190,6684,6658.286,14902,150,119.286,14286.147,177.096,176.415,394.837,3.974,3.161,0.99,45398,,,10309,5457,0.12,,,145,,,,,,,,,,,,,,,,,
Canada,2020-12-25,540939,1749,5951,14966,64,112.286,14332.488,46.341,157.675,396.533,1.696,2.975,1,45398,,,0,4889,0.12,,,130,,,,,,,,,,,,,,,,,
Canada,2020-12-26,544053,3114,5473.143,15051,85,109.571,14414.995,82.507,145.014,398.785,2.252,2.903,1.01,48417,,,3019,5218,0.13,,,138,,,,,,,,,,,,,,,,,
Canada,2020-12-27,554153,10100,6057.857,15171,120,113.857,14682.6,267.605,160.506,401.964,3.179,3.017,1.04,52280,,,3863,5649,0.14,,,150,,,,,,,,,,,,,,,,,
Canada,2020-12-28,560618,6465,5899,15328,157,121,14853.894,171.294,156.297,406.124,4.16,3.206,1.06,59449,,,7169,5512,0.16,,,146,,,,,,,,,,,,,,,,,
Canada,2020-12-29,568807,8189,6174.571,15528,200,131.571,15070.866,216.972,163.599,411.423,5.299,3.486,1.08,70463,,,11014,6266,0.19,,,166,,,,,,,,,,,,,,,,,
Canada,2020-12-30,577266,8459,6394.286,15650,122,128.286,15294.992,224.126,169.42,414.656,3.232,3.399,1.09,84142,,,13679,7008,0.22,,,186,,,,,,,,,,,,,,,,,
Canada,2020-12-31,584409,7143,6459.857,15762,112,122.857,15484.25,189.258,171.158,417.623,2.968,3.255,1.09,97582,,,13440,7455,0.26,,,198,,,,,,,,,,,,,,,,,
Canada,2021-01-01,585400,991,6351.571,15806,44,120,15510.507,26.257,168.289,418.789,1.166,3.179,1.1,103790,,,6208,8342,0.27,,,221,,,,,,,,,,,,,,,,,
Canada,2021-01-02,589935,4535,6554.571,15914,108,123.286,15630.665,120.157,173.667,421.651,2.862,3.267,1.13,108732,,,4942,8616,0.29,,,228,,,,,,,,,,,,,,,,,
Canada,2021-01-03,606076,16141,7417.571,16006,92,119.286,16058.33,427.665,196.533,424.088,2.438,3.161,1.16,114034,,,5302,8822,0.3,,,234,,,,,,,,,,,,,,,,,
Canada,2021-01-04,616134,10058,7930.857,16247,241,131.286,16324.822,266.492,210.133,430.474,6.385,3.478,1.15,137735,,,23701,11184,0.36,,,296,,,,,,,,,,,,,,,,,
Canada,2021-01-05,623384,7250,7796.714,16389,142,123,16516.915,192.093,206.578,434.236,3.762,3.259,1.13,155197,,,17462,12105,0.41,,,321,,,,,,,,,,,,,,,,,
Canada,2021-01-06,631466,8082,7742.857,16539,150,127,16731.052,214.137,205.151,438.21,3.974,3.365,1.11,183360,182930,430,28163,14174,0.49,0.48,0,376,,,,,,,,,,,,,,,,,
Canada,2021-01-07,639693,8227,7897.714,16704,165,134.571,16949.031,217.979,209.254,442.582,4.372,3.566,1.09,219446,218359,1087,36086,17409,0.58,0.58,0,461,,,,,,,,,,,,,,,,,
Canada,2021-01-08,648930,9237,9075.714,16846,142,148.571,17193.771,244.74,240.466,446.344,3.762,3.936,1.07,260654,258627,2027,41208,22409,0.69,0.69,0.01,594,,,,,,,,,,,,,,,,,
Canada,2021-01-09,657323,8393,9626.857,16984,138,152.857,17416.148,222.377,255.069,450.001,3.656,4.05,1.04,296241,293301,2940,35587,26787,0.78,0.78,0.01,710,,,,,,,,,,,,,,,,,
Canada,2021-01-10,664606,7283,8361.429,17074,90,152.571,17609.115,192.967,221.541,452.385,2.385,4.042,1,319603,316661,2942,23362,29367,0.85,0.84,0.01,778,,,,,,,,,,,,,,,,,
Canada,2021-01-11,672931,8325,8113.857,17199,125,136,17829.691,220.576,214.981,455.697,3.312,3.603,0.98,359049,356107,2942,39446,31616,0.95,0.94,0.01,838,,,,,,,,,,,,,,,,,
Canada,2021-01-12,679072,6141,7955.429,17359,160,138.571,17992.4,162.709,210.784,459.937,4.239,3.672,0.96,388493,385470,3023,29444,33328,1.03,1.02,0.01,883,,,,,,,,,,,,,,,,,
Canada,2021-01-13,686211,7139,7820.714,17539,180,142.857,18181.552,189.152,207.214,464.706,4.769,3.785,0.95,419209,407278,11931,30716,33693,1.11,1.08,0.03,893,,,,,,,,,,,,,,,,,
Canada,2021-01-14,693658,7447,7709.286,17686,147,140.286,18378.865,197.313,204.262,468.601,3.895,3.717,0.94,459492,445000,14492,40283,34292,1.22,1.18,0.04,909,,,,,,,,,,,,,,,,,
Canada,2021-01-15,700538,6880,7372.571,17856,170,144.286,18561.154,182.29,195.34,473.105,4.504,3.823,0.92,507687,489693,17994,48195,35290,1.35,1.3,0.05,935,,,,,,,,,,,,,,,,,
Canada,2021-01-16,706897,6359,7082,17978,122,142,18729.64,168.485,187.642,476.337,3.232,3.762,0.9,543291,524177,19114,35604,35293,1.44,1.39,0.05,935,,,,,,,,,,,,,,,,,
Canada,2021-01-17,713181,6284,6939.286,18106,128,147.429,18896.138,166.498,183.86,479.729,3.391,3.906,0.89,570742,550438,20304,27451,35877,1.51,1.46,0.05,951,,,,,,,,,,,,,,,,,
Canada,2021-01-18,719601,6420,6667.143,18231,125,147.429,19066.239,170.102,176.65,483.041,3.312,3.906,0.87,614666,593632,21034,43924,36517,1.63,1.57,0.06,968,,,,,,,,,,,,,,,,,
Canada,2021-01-19,724629,5028,6508.143,18382,151,146.143,19199.459,133.22,172.437,487.042,4.001,3.872,0.87,653653,629268,24385,38987,37880,1.73,1.67,0.06,1004,,,,,,,,,,,,,,,,,
Canada,2021-01-20,730330,5701,6302.714,18567,185,146.857,19350.51,151.051,166.994,491.943,4.902,3.891,0.86,696242,659194,37048,42589,39576,1.84,1.75,0.1,1049,,,,,,,,,,,,,,,,,
Canada,2021-01-21,736441,6111,6111.857,18706,139,145.714,19512.425,161.914,161.937,495.626,3.683,3.861,0.85,738864,695612,43252,42622,39910,1.96,1.84,0.11,1057,,,,,,,,,,,,,,,,,
Canada,2021-01-22,742268,5827,5961.429,18887,181,147.286,19666.814,154.39,157.951,500.422,4.796,3.902,0.85,776606,727115,49491,37742,38417,2.06,1.93,0.13,1018,,,,,,,,,,,,,,,,,
Canada,2021-01-23,747362,5094,5780.714,18992,105,144.857,19801.783,134.968,153.163,503.204,2.782,3.838,0.84,801238,747434,53804,24632,36850,2.12,1.98,0.14,976,,,,,,,,,,,,,,,,,
Canada,2021-01-24,752041,4679,5551.429,19119,127,144.714,19925.756,123.973,147.088,506.569,3.365,3.834,0.83,816451,760010,56441,15213,35101,2.16,2.01,0.15,930,,,,,,,,,,,,,,,,,
Canada,2021-01-25,757658,5617,5436.714,19245,126,144.857,20074.581,148.826,144.049,509.907,3.338,3.838,0.83,839949,775296,64653,23498,32183,2.23,2.05,0.17,853,,,,,,,,,,,,,,,,,
Canada,2021-01-26,761699,4041,5295.714,19392,147,144.286,20181.65,107.069,140.313,513.802,3.895,3.823,0.82,868454,795643,72811,28505,30686,2.3,2.11,0.19,813,,,,,,,,,,,,,,,,,
Canada,2021-01-27,766019,4320,5098.429,19485,93,131.143,20296.111,114.461,135.086,516.266,2.464,3.475,0.82,891324,809128,82196,22870,27869,2.36,2.14,0.22,738,,,,,,,,,,,,,,,,,
Canada,2021-01-28,770825,4806,4912,19676,191,138.571,20423.449,127.338,130.146,521.327,5.061,3.672,0.82,916027,824083,91944,24703,25309,2.43,2.18,0.24,671,,,,,,,,,,,,,,,,,
Canada,2021-01-29,775652,4827,4769.143,19825,149,134,20551.343,127.894,126.361,525.275,3.948,3.55,0.82,937199,836024,101175,21172,22942,2.48,2.22,0.27,608,,,,,,,,,,,,,,,,,
Canada,2021-01-30,779762,4110,4628.571,19958,133,138,20660.239,108.897,122.637,528.799,3.524,3.656,0.81,952212,842711,109501,15013,21568,2.52,2.23,0.29,571,,,,,,,,,,,,,,,,,
Canada,2021-01-31,783695,3933,4522,20041,83,131.714,20764.447,104.207,119.813,530.998,2.199,3.49,0.81,957229,845339,111890,5017,20111,2.54,2.24,0.3,533,,,,,,,,,,,,,,,,,
Canada,2021-02-01,788197,4502,4362.714,20145,104,128.571,20883.73,119.283,115.593,533.753,2.756,3.407,0.81,975492,859175,116317,18263,19363,2.58,2.28,0.31,513,,,,,,,,,,,,,,,,,
Canada,2021-02-02,791145,2948,4206.571,20242,97,121.429,20961.839,78.109,111.456,536.323,2.57,3.217,0.81,988202,867115,121087,12710,17107,2.62,2.3,0.32,453,,,,,,,,,,,,,,,,,
Canada,2021-02-03,794412,3267,4056.143,20361,119,125.143,21048.4,86.561,107.47,539.476,3.153,3.316,0.81,1001468,871335,130133,13266,15735,2.65,2.31,0.34,417,,,,,,,,,,,,,,,,,
Canada,2021-02-04,798394,3982,3938.429,20486,125,115.714,21153.905,105.505,104.351,542.788,3.312,3.066,0.81,1020066,877629,142437,18598,14863,2.7,2.33,0.38,394,,,,,,,,,,,,,,,,,
Canada,2021-02-05,802530,4136,3839.714,20607,121,111.714,21263.491,109.586,101.735,545.994,3.206,2.96,0.82,1042901,887398,155503,22835,15100,2.76,2.35,0.41,400,,,,,,,,,,,,,,,,,
Canada,2021-02-06,805794,3264,3718.857,20700,93,106,21349.972,86.482,98.533,548.458,2.464,2.809,0.82,1064370,895383,168987,21469,16023,2.82,2.37,0.45,425,,,,,,,,,,,,,,,,,
Canada,2021-02-07,809001,3207,3615.143,20760,60,102.714,21434.943,84.971,95.785,550.048,1.59,2.721,0.82,1077297,900713,176584,12927,17153,2.85,2.39,0.47,454,,,,,,,,,,,,,,,,,
Canada,2021-02-08,812804,3803,3515.286,20830,70,97.857,21535.706,100.763,93.14,551.903,1.855,2.593,0.83,1098746,911312,187434,21449,17608,2.91,2.41,0.5,467,,,,,,,,,,,,,,,,,
Canada,2021-02-09,815487,2683,3477.429,20914,84,96,21606.794,71.088,92.136,554.128,2.226,2.544,0.83,1124517,920458,204059,25771,19474,2.98,2.44,0.54,516,,,,,,,,,,,,,,,,,
Canada,2021-02-10,818755,3268,3477.571,21007,93,92.286,21693.381,86.588,92.14,556.592,2.464,2.445,0.83,1154277,930286,223991,29760,21830,3.06,2.46,0.59,578,,,,,,,,,,,,,,,,,
Canada,2021-02-11,821932,3177,3362.571,21089,82,86.143,21777.558,84.176,89.093,558.765,2.173,2.282,0.84,1186689,942589,244100,32412,23803,3.14,2.5,0.65,631,,,,,,,,,,,,,,,,,
Canada,2021-02-12,824611,2679,3154.429,21168,79,80.143,21848.539,70.982,83.578,560.858,2.093,2.123,0.85,1221839,955013,266826,35150,25563,3.24,2.53,0.71,677,,,,,,,,,,,,,,,,,
Canada,2021-02-13,828408,3797,3230.571,21238,70,76.857,21949.143,100.604,85.596,562.713,1.855,2.036,0.86,1255076,967606,287470,33237,27244,3.33,2.56,0.76,722,,,,,,,,,,,,,,,,,
Canada,2021-02-14,830612,2204,3087.286,21261,23,71.571,22007.539,58.396,81.799,563.322,0.609,1.896,0.86,1272900,971168,301732,17824,27943,3.37,2.57,0.8,740,,,,,,,,,,,,,,,,,
Canada,2021-02-15,832375,1763,2795.857,21298,37,66.857,22054.251,46.712,74.078,564.303,0.98,1.771,0.87,1282761,972779,309982,9861,26288,3.4,2.58,0.82,697,,,,,,,,,,,,,,,,,
Canada,2021-02-16,836594,4219,3015.286,21395,97,68.714,22166.036,111.785,79.892,566.873,2.57,1.821,0.89,1308918,981148,327770,26157,26343,3.47,2.6,0.87,698,,,,,,,,,,,,,,,,,
Canada,2021-02-17,839155,2561,2914.286,21439,44,61.714,22233.891,67.855,77.216,568.039,1.166,1.635,0.91,1329398,985975,343423,20480,25017,3.52,2.61,0.91,663,,,,,,,,,,,,,,,,,
Canada,2021-02-18,842590,3435,2951.143,21509,70,60,22324.903,91.012,78.192,569.893,1.855,1.59,0.92,1356423,993291,363132,27025,24248,3.59,2.63,0.96,642,,,,,,,,,,,,,,,,,
Canada,2021-02-19,845673,3083,3008.857,21581,72,59,22406.589,81.686,79.721,571.801,1.908,1.563,0.92,1404273,1016579,387694,47850,26062,3.72,2.69,1.03,691,,,,,,,,,,,,,,,,,
Canada,2021-02-20,848330,2657,2846,21631,50,56.143,22476.988,70.399,75.406,573.126,1.325,1.488,0.93,1453980,1049514,404466,49707,28415,3.85,2.78,1.07,753,,,,,,,,,,,,,,,,,
Canada,2021-02-21,850737,2407,2875,21675,44,59.143,22540.763,63.775,76.175,574.292,1.166,1.567,0.94,1496377,1078899,417478,42397,31925,3.96,2.86,1.11,846,,,,,,,,,,,,,,,,,
Canada,2021-02-22,854190,3453,3116.429,21720,45,60.286,22632.252,91.489,82.572,575.484,1.192,1.597,0.95,1558110,1108564,449546,61733,39336,4.13,2.94,1.19,1042,,,,,,,,,,,,,,,,,
Canada,2021-02-23,857403,3213,2972.714,21761,41,52.286,22717.382,85.13,78.764,576.57,1.086,1.385,0.96,1606472,1138700,467772,48362,42508,4.26,3.02,1.24,1126,,,,,,,,,,,,,,,,,
Canada,2021-02-24,860348,2945,3027.571,21810,49,53,22795.412,78.029,80.217,577.868,1.298,1.404,0.96,1652562,1170515,482047,46090,46166,4.38,3.1,1.28,1223,,,,,,,,,,,,,,,,,
Canada,2021-02-25,863495,3147,2986.429,21868,58,51.286,22878.793,83.382,79.127,579.405,1.537,1.359,0.97,1711455,1212595,498860,58893,50719,4.53,3.21,1.32,1344,,,,,,,,,,,,,,,,,
Canada,2021-02-26,866667,3172,2999.143,21915,47,47.714,22962.837,84.044,79.464,580.65,1.245,1.264,0.97,1778706,1266731,511975,67251,53490,4.71,3.36,1.36,1417,,,,,,,,,,,,,,,,,
Canada,2021-02-27,869347,2680,3002.429,21961,46,47.143,23033.845,71.008,79.551,581.869,1.219,1.249,0.97,1840435,1320653,519782,61729,55208,4.88,3.5,1.38,1463,,,,,,,,,,,,,,,,,
Canada,2021-02-28,871694,2347,2993.857,21990,29,45,23096.03,62.185,79.324,582.638,0.768,1.192,0.97,1887059,1362034,525025,46624,55812,5,3.61,1.39,1479,,,,,,,,,,,,,,,,,
Canada,2021-03-01,875388,3694,3028.286,22014,24,42,23193.905,97.875,80.236,583.273,0.636,1.113,0.98,1946200,1407961,538239,59141,55441,5.16,3.73,1.43,1469,,,,,,,,,,,,,,,,,
Canada,2021-03-02,878051,2663,2949.714,22043,29,40.286,23264.463,70.558,78.154,584.042,0.768,1.067,0.98,2018238,1470034,548204,72038,58824,5.35,3.89,1.45,1559,,,,,,,,,,,,,,,,,
Canada,2021-03-03,880835,2784,2926.714,22105,62,42.143,23338.226,73.764,77.545,585.685,1.643,1.117,0.99,2091700,1537273,554427,73462,62734,5.54,4.07,1.47,1662,,,,,,,,,,,,,,,,,
Canada,2021-03-04,883815,2980,2902.857,22152,47,40.571,23417.183,78.957,76.913,586.93,1.245,1.075,0.99,2169417,1610535,558882,77717,65423,5.75,4.27,1.48,1733,,,,,,,,,,,,,,,,,
Canada,2021-03-05,886782,2967,2873.571,22183,31,38.286,23495.795,78.612,76.137,587.751,0.821,1.014,1,2255174,1693203,561971,85757,68067,5.98,4.49,1.49,1803,,,,,,,,,,,,,,,,,
Canada,2021-03-06,889551,2769,2886.286,22212,29,35.857,23569.162,73.366,76.474,588.52,0.768,0.95,1.01,2329622,1765405,564217,74448,69884,6.17,4.68,1.49,1852,,,,,,,,,,,,,,,,,
Canada,2021-03-07,892199,2648,2929.286,22234,22,34.857,23639.322,70.16,77.613,589.103,0.583,0.924,1.02,2387189,1821470,565719,57567,71447,6.32,4.83,1.5,1893,,,,,,,,,,,,,,,,,
Canada,2021-03-08,896247,4048,2979.857,22271,37,36.714,23746.576,107.254,78.953,590.083,0.98,0.973,1.03,2473868,1898266,575602,86679,75381,6.55,5.03,1.53,1997,,,,,,,,,,,,,,,,,
Canada,2021-03-09,899175,2928,3017.714,22302,31,37,23824.155,77.579,79.956,590.904,0.821,0.98,1.04,2543253,1964221,579032,69385,75002,6.74,5.2,1.53,1987,,,,,,,,,,,,,,,,,
Canada,2021-03-10,902234,3059,3057,22330,28,32.143,23905.205,81.05,80.997,591.646,0.742,0.852,1.04,2621289,2037806,583483,78036,75656,6.95,5.4,1.55,2005,,,,,,,,,,,,,,,,,
Canada,2021-03-11,905339,3105,3074.857,22367,37,30.714,23987.474,82.269,81.47,592.626,0.98,0.814,1.05,2719317,2131666,587651,98028,78557,7.2,5.65,1.56,2081,,,,,,,,,,,,,,,,,
Canada,2021-03-12,908854,3515,3153.143,22397,30,30.571,24080.606,93.132,83.544,593.421,0.795,0.81,1.05,2830164,2239490,590674,110847,82141,7.5,5.93,1.57,2176,,,,,,,,,,,,,,,,,
Canada,2021-03-13,911884,3030,3190.429,22426,29,30.571,24160.887,80.282,84.532,594.19,0.768,0.81,1.06,2934007,2340676,593331,103843,86341,7.77,6.2,1.57,2288,,,,,,,,,,,,,,,,,
Canada,2021-03-14,914595,2711,3199.429,22455,29,31.571,24232.717,71.829,84.771,594.958,0.768,0.837,1.07,3026665,2431332,595333,92658,91354,8.02,6.44,1.58,2420,,,,,,,,,,,,,,,,,
Canada,2021-03-15,918406,3811,3165.571,22484,29,30.429,24333.691,100.975,83.874,595.726,0.768,0.806,1.07,3151305,2550387,600918,124640,96777,8.35,6.76,1.59,2564,,,,,,,,,,,,,,,,,
Canada,2021-03-16,921263,2857,3155.429,22509,25,29.571,24409.389,75.698,83.605,596.389,0.662,0.784,1.08,3271309,2666388,604921,120004,104008,8.67,7.06,1.6,2756,,,,,,,,,,,,,,,,,
Canada,2021-03-17,924670,3407,3205.143,22543,34,30.429,24499.66,90.27,84.922,597.29,0.901,0.806,1.1,3409996,2799925,610071,138687,112672,9.03,7.42,1.62,2985,,,,,,,,,,,,,,,,,
Canada,2021-03-18,928283,3613,3277.714,22577,34,30,24595.388,95.728,86.845,598.191,0.901,0.795,1.11,3566328,2950647,615681,156332,121002,9.45,7.82,1.63,3206,,,,,,,,,,,,,,,,,
Canada,2021-03-19,932515,4232,3380.143,22605,28,29.714,24707.517,112.129,89.559,598.932,0.742,0.787,1.13,3729312,3107711,621601,162984,128450,9.88,8.23,1.65,3403,,,,,,,,,,,,,,,,,
Canada,2021-03-20,935932,3417,3435.429,22635,30,29.857,24798.053,90.535,91.024,599.727,0.795,0.791,1.14,3862685,3236471,626214,133373,132668,10.23,8.58,1.66,3515,,,,,,,,,,,,,,,,,
Canada,2021-03-21,939057,3125,3494.571,22656,21,28.714,24880.851,82.799,92.591,600.284,0.556,0.761,1.15,3954285,3324329,629956,91600,132517,10.48,8.81,1.67,3511,,,,,,,,,,,,,,,,,
Canada,2021-03-22,943920,4863,3644.857,22695,39,30.143,25009.699,128.848,96.573,601.317,1.033,0.799,1.16,4100558,3467046,633512,146273,135608,10.86,9.19,1.68,3593,,,,,,,,,,,,,,,,,
Canada,2021-03-23,947489,3569,3746.571,22715,20,29.429,25104.262,94.563,99.268,601.847,0.53,0.78,1.17,4223272,3585845,637427,122714,135995,11.19,9.5,1.69,3603,,,,,,,,,,,,,,,,,
Canada,2021-03-24,951438,3949,3824,22739,24,28,25208.893,104.631,101.319,602.483,0.636,0.742,1.18,4393876,3751505,642371,170604,140554,11.64,9.94,1.7,3724,,,,,,,,,,,,,,,,,
Canada,2021-03-25,956542,5104,4037,22771,32,27.714,25344.126,135.233,106.963,603.331,0.848,0.734,1.2,4583950,3934959,648991,190074,145375,12.15,10.43,1.72,3852,,,,,,,,,,,,,,,,,
Canada,2021-03-26,961567,5025,4150.286,22809,38,29.143,25477.267,133.14,109.964,604.337,1.007,0.772,1.21,4800931,4143640,657291,216981,153088,12.72,10.98,1.74,4056,,,,,,,,,,,,,,,,,
Canada,2021-03-27,965882,4315,4278.571,22830,21,27.857,25591.595,114.328,113.363,604.894,0.556,0.738,1.22,4967497,4304842,662655,166566,157830,13.16,11.41,1.76,4182,,,,,,,,,,,,,,,,,
Canada,2021-03-28,970065,4183,4429.714,22855,25,28.429,25702.426,110.831,117.368,605.556,0.662,0.753,1.23,5113935,4447302,666633,146438,165664,13.55,11.78,1.77,4389,,,,,,,,,,,,,,,,,
Canada,2021-03-29,976327,6262,4629.571,22871,16,25.143,25868.341,165.915,122.663,605.98,0.424,0.666,1.23,5301234,4629020,672214,187299,171525,14.05,12.26,1.78,4545,,,,,,,,,,,,,,,,,
Canada,2021-03-30,980080,3753,4655.857,22892,21,25.286,25967.779,99.438,123.36,606.537,0.556,0.67,1.24,5470884,4791415,679469,169650,178230,14.5,12.7,1.8,4722,,,,,,,,,,,,,,,,,
Canada,2021-03-31,988808,8728,5338.571,22960,68,31.571,26199.033,231.253,141.448,608.338,1.802,0.837,1.26,5690380,5004406,685974,219496,185215,15.08,13.26,1.82,4907,,,,,,,,,,,,,,,,,
Canada,2021-04-01,994549,5741,5429.571,22998,38,32.429,26351.144,152.111,143.86,609.345,1.007,0.859,1.25,5896845,5200717,696128,206465,187556,15.62,13.78,1.84,4969,,,,,,,,,,,,,,,,,
Canada,2021-04-02,998208,3659,5234.429,23011,13,28.857,26448.091,96.947,138.689,609.69,0.344,0.765,1.25,6057090,5356913,700177,160245,179451,16.05,14.19,1.86,4755,,,,,,,,,,,,,,,,,
Canada,2021-04-03,1005296,7088,5630.571,23038,27,29.714,26635.892,187.801,149.185,610.405,0.715,0.787,1.26,6258003,5553604,704399,200913,184358,16.58,14.71,1.87,4885,,,,,,,,,,,,,,,,,
Canada,2021-04-04,1008808,3512,5534.714,23060,22,29.286,26728.944,93.052,146.645,610.988,0.583,0.776,1.27,6372110,5667707,704403,114107,179739,16.88,15.02,1.87,4762,,,,,,,,,,,,,,,,,
Canada,2021-04-05,1017130,8322,5829,23083,23,30.286,26949.44,220.496,154.443,611.597,0.609,0.802,1.28,6555389,5836927,718462,183279,179165,17.37,15.47,1.9,4747,,,,,,,,,,,,,,,,,
Canada,2021-04-06,1027854,10724,6824.857,23132,49,34.286,27233.579,284.139,180.828,612.896,1.298,0.908,1.29,6758617,6027659,730958,203228,183962,17.91,15.97,1.94,4874,,,,,,,,,,,,,,,,,
Canada,2021-04-07,1035242,7388,6633.429,23160,28,28.571,27429.328,195.749,175.756,613.637,0.742,0.757,1.28,6990144,6243477,746667,231527,185681,18.52,16.54,1.98,4920,,,,,,,,,,,,,,,,,
Canada,2021-04-08,1043478,8236,6989.857,23196,36,28.286,27647.545,218.218,185.2,614.591,0.954,0.749,1.26,7252560,6488833,763727,262416,193674,19.22,17.19,2.02,5132,,,,,,,,,,,,,,,,,
Canada,2021-04-09,1052560,9082,7764.571,23236,40,32.143,27888.178,240.633,205.727,615.651,1.06,0.852,1.25,7569321,6788921,780400,316761,216033,20.06,17.99,2.07,5724,,,,,,,,,,,,,,,,,
Canada,2021-04-10,1060052,7492,7822.286,23270,34,33.143,28086.683,198.505,207.256,616.552,0.901,0.878,1.23,7814748,7020562,794186,245427,222392,20.71,18.6,2.1,5892,,,,,,,,,,,,,,,,,
Canada,2021-04-11,1067764,7712,8422.286,23294,24,33.429,28291.017,204.334,223.153,617.188,0.636,0.886,1.21,7996122,7198857,797265,181374,232002,21.19,19.07,2.11,6147,,,,,,,,,,,,,,,,,
Canada,2021-04-12,1078482,10718,8764.571,23336,42,36.143,28574.996,283.98,232.222,618.301,1.113,0.958,1.19,8330898,7515239,815659,334776,253644,22.07,19.91,2.16,6720,,,,,,,,,,,,,,,,,
Canada,2021-04-13,1085905,7423,8293,23370,34,34,28771.673,196.677,219.728,619.201,0.901,0.901,1.17,8601331,7772264,829067,270433,263245,22.79,20.59,2.2,6975,,,,,,,,,,,,,,,,,
Canada,2021-04-14,1094899,8994,8522.429,23428,58,38.286,29009.974,238.301,225.807,620.738,1.537,1.014,1.15,8898865,8058263,840602,297534,272674,23.58,21.35,2.23,7225,,,,,,,,,,,,,,,,,
Canada,2021-04-15,1104508,9609,8718.571,23482,54,40.857,29264.57,254.596,231.004,622.169,1.431,1.083,1.13,9205307,8350721,854586,306442,278964,24.39,22.13,2.26,7391,,,,,,,,,,,,,,,,,
Canada,2021-04-16,1113837,9329,8753.857,23531,49,42.143,29511.747,247.177,231.938,623.467,1.298,1.117,1.12,9525732,8641720,884012,320425,279487,25.24,22.9,2.34,7405,,,,,,,,,,,,,,,,,
Canada,2021-04-17,1121162,7325,8730,23572,41,43.143,29705.827,194.08,231.306,624.554,1.086,1.143,1.1,9779909,8871849,908060,254177,280737,25.91,23.51,2.41,7438,,,,,,,,,,,,,,,,,
Canada,2021-04-18,1129371,8209,8801,23611,39,45.286,29923.33,217.502,233.188,625.587,1.033,1.2,1.08,9980626,9067412,913214,200717,283501,26.44,24.02,2.42,7512,,,,,,,,,,,,,,,,,
Canada,2021-04-19,1139591,10220,8729.857,23649,38,44.714,30194.114,270.785,231.303,626.594,1.007,1.185,1.06,10243418,9309934,933484,262792,273217,27.14,24.67,2.47,7239,,,,,,,,,,,,,,,,,
Canada,2021-04-20,1146817,7226,8701.714,23698,49,46.857,30385.571,191.457,230.557,627.892,1.298,1.242,1.04,10481418,9536454,944964,238000,268584,27.77,25.27,2.5,7116,,,,,,,,,,,,,,,,,
Canada,2021-04-21,1155053,8236,8593.429,23761,63,47.571,30603.789,218.218,227.688,629.561,1.669,1.26,1.03,10798150,9840205,957945,316732,271326,28.61,26.07,2.54,7189,,,,,,,,,,,,,,,,,
Canada,2021-04-22,1164108,9055,8514.286,23810,49,46.857,30843.706,239.917,225.591,630.86,1.298,1.242,1.02,11158636,10184121,974515,360486,279047,29.57,26.98,2.58,7394,,,,,,,,,,,,,,,,,
Canada,2021-04-23,1172697,8589,8408.571,23870,60,48.429,31071.277,227.57,222.79,632.449,1.59,1.283,1.01,11526938,10533458,993480,368302,285887,30.54,27.91,2.63,7575,,,,,,,,,,,,,,,,,
Canada,2021-04-24,1180065,7368,8414.714,23912,42,48.571,31266.496,195.219,222.953,633.562,1.113,1.287,1,11813201,10804552,1008649,286263,290470,31.3,28.63,2.67,7696,,,,,,,,,,,,,,,,,
Canada,2021-04-25,1186991,6926,8231.429,23950,38,48.429,31450.004,183.508,218.096,634.569,1.007,1.283,0.99,12045041,11026753,1018288,231840,294916,31.91,29.22,2.7,7814,,,,,,,,,,,,,,,,,
Canada,2021-04-26,1195827,8836,8033.714,24011,61,51.714,31684.119,234.115,212.858,636.185,1.616,1.37,0.98,12307785,11280635,1027150,262744,294910,32.61,29.89,2.72,7814,,,,,,,,,,,,,,,,,
Canada,2021-04-27,1202672,6845,7979.286,24048,37,50,31865.481,181.362,211.416,637.165,0.98,1.325,0.98,12564325,11518249,1046076,256540,297558,33.29,30.52,2.77,7884,,,,,,,,,,,,,,,,,
Canada,2021-04-28,1210918,8246,7980.714,24110,62,49.857,32083.964,218.482,211.454,638.808,1.643,1.321,0.98,12826266,11764830,1061436,261941,289731,33.98,31.17,2.81,7677,,,,,,,,,,,,,,,,,
Canada,2021-04-29,1220108,9190,8000,24165,55,50.714,32327.458,243.494,211.965,640.265,1.457,1.344,0.98,13131871,12049818,1082053,305605,281891,34.79,31.93,2.87,7469,,,,,,,,,,,,,,,,,
Canada,2021-04-30,1228367,8259,7952.857,24220,55,50,32546.285,218.827,210.715,641.723,1.457,1.325,0.97,13420198,12330084,1090114,288327,270466,35.56,32.67,2.89,7166,,,,,,,,,,,,,,,,,
Canada,2021-05-01,1234912,6545,7835.286,24245,25,47.571,32719.699,173.414,207.6,642.385,0.662,1.26,0.97,13652375,12534545,1117830,232177,262739,36.17,33.21,2.96,6961,,,,,,,,,,,,,,,,,
Canada,2021-05-02,1240878,5966,7698.143,24269,24,45.571,32877.771,158.073,203.967,643.021,0.636,1.207,0.96,13825476,12696698,1128778,173101,254348,36.63,33.64,2.99,6739,,,,,,,,,,,,,,,,,
Canada,2021-05-03,1251811,10933,7997.714,24334,65,46.143,33167.447,289.676,211.904,644.743,1.722,1.223,0.96,14051490,12914613,1136877,226014,249101,37.23,34.22,3.01,6600,,,,,,,,,,,,,,,,,
Canada,2021-05-04,1258449,6638,7968.143,24400,66,50.286,33343.325,175.878,211.12,646.492,1.749,1.332,0.95,14284234,13128106,1156128,232744,245701,37.85,34.78,3.06,6510,,,,,,,,,,,,,,,,,
Canada,2021-05-05,1266249,7800,7904.429,24437,37,46.714,33549.99,206.665,209.432,647.472,0.98,1.238,0.94,14568067,13394105,1173962,283833,248829,38.6,35.49,3.11,6593,,,,,,,,,,,,,,,,,
Canada,2021-05-06,1274206,7957,7728.286,24479,42,44.857,33760.816,210.825,204.765,648.585,1.113,1.189,0.93,14924694,13728528,1196166,356627,256118,39.54,36.37,3.17,6786,,,,,,,,,,,,,,,,,
Canada,2021-05-07,1281846,7640,7639.857,24523,44,43.286,33963.242,202.426,202.422,649.751,1.166,1.147,0.92,15325183,14104164,1221019,400489,272141,40.6,37.37,3.24,7211,,,,,,,,,,,,,,,,,
Canada,2021-05-08,1287932,6086,7574.286,24554,31,44.143,34124.494,161.252,200.685,650.572,0.821,1.17,0.91,15652046,14411049,1240997,326863,285667,41.47,38.18,3.29,7569,,,,,,,,,,,,,,,,,
Canada,2021-05-09,1293625,5693,7535.286,24577,23,44,34275.333,150.839,199.652,651.182,0.609,1.166,0.89,15917555,14668624,1248931,265509,298868,42.17,38.87,3.31,7919,,,,,,,,,,,,,,,,,
Canada,2021-05-10,1302489,8864,7239.714,24660,83,46.571,34510.19,234.857,191.82,653.381,2.199,1.234,0.88,16258155,14991030,1267125,340600,315238,43.08,39.72,3.36,8352,,,,,,,,,,,,,,,,,
Canada,2021-05-11,1307863,5374,7059.143,24693,33,41.857,34652.577,142.387,187.036,654.255,0.874,1.109,0.87,16557932,15272541,1285391,299777,324814,43.87,40.47,3.41,8606,,,,,,,,,,,,,,,,,
Canada,2021-05-12,1314420,6557,6881.571,24755,62,45.429,34826.308,173.731,182.331,655.898,1.643,1.204,0.85,16904709,15596419,1308290,346777,333806,44.79,41.32,3.47,8844,,,,,,,,,,,,,,,,,
Canada,2021-05-13,1320206,5786,6571.429,24802,47,46.143,34979.612,153.303,174.114,657.143,1.245,1.223,0.84,17297879,15961692,1336187,393170,339026,45.83,42.29,3.54,8983,,,,,,,,,,,,,,,,,
Canada,2021-05-14,1326989,6783,6449,24857,55,47.714,35159.331,179.719,170.87,658.6,1.457,1.264,0.82,17734322,16363943,1370379,436443,344163,46.99,43.36,3.63,9119,,,,,,,,,,,,,,,,,
Canada,2021-05-15,1331480,4491,6221.143,24884,27,47.143,35278.323,118.992,164.833,659.316,0.715,1.249,0.81,18098814,16703298,1395516,364492,349538,47.95,44.26,3.7,9261,,,,,,,,,,,,,,,,,
Canada,2021-05-16,1335782,4302,6022.429,24904,20,46.714,35392.307,113.984,159.568,659.846,0.53,1.238,0.8,18415880,17004917,1410963,317066,356904,48.79,45.06,3.74,9456,,,,,,,,,,,,,,,,,
Canada,2021-05-17,1342206,6424,5673.857,24964,60,43.429,35562.514,170.208,150.332,661.435,1.59,1.151,0.79,18805903,17381262,1424641,390023,363964,49.83,46.05,3.77,9643,,,,,,,,,,,,,,,,,
Canada,2021-05-18,1346083,3877,5460,24999,35,43.714,35665.238,102.723,144.666,662.363,0.927,1.158,0.77,19088798,17638053,1450745,282895,361552,50.58,46.73,3.84,9580,,,,,,,,,,,,,,,,,
Canada,2021-05-19,1350897,4814,5211,25050,51,42.143,35792.787,127.55,138.068,663.714,1.351,1.117,0.76,19444593,17958575,1486018,355795,362841,51.52,47.58,3.94,9614,,,,,,,,,,,,,,,,,
Canada,2021-05-20,1355733,4836,5075.286,25093,43,41.571,35920.92,128.133,134.473,664.853,1.139,1.101,0.75,19841562,18312021,1529541,396969,363383,52.57,48.52,4.05,9628,,,,,,,,,,,,,,,,,
Canada,2021-05-21,1360264,4531,4753.571,25148,55,41.571,36040.971,120.051,125.949,666.311,1.457,1.101,0.73,20329783,18748185,1581598,488221,370780,53.86,49.67,4.19,9824,,,,,,,,,,,,,,,,,
Canada,2021-05-22,1363519,3255,4577,25180,32,42.286,36127.214,86.243,121.27,667.158,0.848,1.12,0.72,20718109,19088516,1629593,388326,374185,54.89,50.58,4.32,9914,,,,,,,,,,,,,,,,,
Canada,2021-05-23,1366475,2956,4384.714,25206,26,43.143,36205.535,78.321,116.176,667.847,0.689,1.143,0.71,21026606,19372979,1653627,308497,372961,55.71,51.33,4.38,9882,,,,,,,,,,,,,,,,,
Canada,2021-05-24,1368241,1766,3719.286,25231,25,38.143,36252.327,46.791,98.545,668.51,0.662,1.011,0.7,21381544,19709001,1672543,354938,367949,56.65,52.22,4.43,9749,,,,,,,,,,,,,,,,,
Canada,2021-05-25,1371941,3700,3694,25269,38,38.571,36350.36,98.034,97.875,669.517,1.007,1.022,0.7,21637723,19942129,1695594,256179,364132,57.33,52.84,4.49,9648,,,,,,,,,,,,,,,,,
Canada,2021-05-26,1374272,2331,3339.286,25303,34,36.143,36412.121,61.761,88.476,670.417,0.901,0.958,0.7,21939046,20195328,1743718,301323,356350,58.13,53.51,4.62,9442,,,,,,,,,,,,,,,,,
Canada,2021-05-27,1378993,4721,3322.857,25393,90,42.857,36537.207,125.086,88.041,672.802,2.385,1.136,0.71,22347313,20539206,1808107,408267,357964,59.21,54.42,4.79,9484,,,,,,,,,,,,,,,,,
Canada,2021-05-28,1382107,3114,3120.429,25424,31,39.429,36619.714,82.507,82.678,673.623,0.821,1.045,0.7,22810709,20932071,1878638,463396,354418,60.44,55.46,4.98,9391,,,,,,,,,,,,,,,,,
Canada,2021-05-29,1384373,2266,2979.143,25451,27,38.714,36679.753,60.039,78.934,674.339,0.715,1.026,0.69,23157029,21207890,1949139,346320,348417,61.36,56.19,5.16,9232,,,,,,,,,,,,,,,,,
Canada,2021-05-30,1386358,1985,2840.429,25473,22,38.143,36732.347,52.594,75.259,674.922,0.583,1.011,0.68,23472216,21458697,2013519,315187,349373,62.19,56.86,5.33,9257,,,,,,,,,,,,,,,,,
Canada,2021-05-31,1389328,2970,3012.429,25528,55,42.429,36811.039,78.692,79.816,676.379,1.457,1.124,0.68,23862397,21783824,2078573,390181,354408,63.22,57.72,5.51,9390,,,,,,,,,,,,,,,,,
Canada,2021-06-01,1390979,1651,2719.714,25546,18,39.571,36854.783,43.744,72.06,676.856,0.477,1.048,0.67,24169346,22007819,2161527,306949,361660,64.04,58.31,5.73,9582,,,,,,,,,,,,,,,,,
Canada,2021-06-02,1393163,2184,2698.714,25590,44,41,36912.649,57.866,71.504,678.022,1.166,1.086,0.66,24522064,22258278,2263786,352718,369003,64.97,58.97,6,9777,,,,,,,,,,,,,,,,,
Canada,2021-06-03,1395336,2173,2334.714,25627,37,33.429,36970.224,57.575,61.86,679.002,0.98,0.886,0.65,24933524,22530589,2402935,411460,369459,66.06,59.7,6.37,9789,,,,,,,,,,,,,,,,,
Canada,2021-06-04,1397370,2034,2180.429,25668,41,34.857,37024.116,53.892,57.772,680.088,1.086,0.924,0.65,25397448,22825634,2571814,463924,369534,67.29,60.48,6.81,9791,,,,,,,,,,,,,,,,,
Canada,2021-06-05,1398719,1349,2049.429,25686,18,33.571,37059.859,35.743,54.301,680.565,0.477,0.889,0.65,25772487,23057551,2714936,375039,373637,68.29,61.09,7.19,9900,,,,,,,,,,,,,,,,,
Canada,2021-06-06,1400093,1374,1962.143,25694,8,31.571,37096.263,36.405,51.988,680.777,0.212,0.837,0.64,26095464,23253261,2842203,322977,374750,69.14,61.61,7.53,9929,,,,,,,,,,,,,,,,,
Canada,2021-06-07,1401912,1819,1797.714,25741,47,30.429,37144.459,48.195,47.631,682.022,1.245,0.806,0.64,26503428,23507511,2995917,407964,377290,70.22,62.28,7.94,9997,,,,,,,,,,,,,,,,,
Canada,2021-06-08,1402983,1071,1714.857,25774,33,32.571,37172.836,28.377,45.436,682.897,0.874,0.863,0.64,26855647,23670710,3184937,352219,383757,71.16,62.72,8.44,10168,,,,,,,,,,,,,,,,,
Canada,2021-06-09,1404443,1460,1611.429,25816,42,32.286,37211.519,38.684,42.696,684.01,1.113,0.855,,27257774,23835779,3421995,402127,390816,72.22,63.15,9.07,10355,,,,,,,,,,,,,,,,,
Canada,2021-06-10,1405906,1463,1510,25849,33,31.714,37250.282,38.763,40.008,684.884,0.874,0.84,,27729564,24010935,3718629,471790,399434,73.47,63.62,9.85,10583,,,,,,,,,,,,,,,,,