country,date,total_cases,new_cases,new_cases_smoothed,total_deaths,new_deaths,new_deaths_smoothed,total_cases_per_million,new_cases_per_million,new_cases_smoothed_per_million,total_deaths_per_million,new_deaths_per_million,new_deaths_smoothed_per_million,reproduction_rate,total_vaccinations,people_vaccinated,people_fully_vaccinated,new_vaccinations,new_vaccinations_smoothed,total_vaccinations_per_hundred,people_vaccinated_per_hundred,people_fully_vaccinated_per_hundred,new_vaccinations_smoothed_per_million
UK,2020-01-31,2,2,,,,,0.029,0.029,,,,,,,,,,,,,,
UK,2020-02-01,2,0,,,,,0.029,0,,,,,,,,,,,,,,
UK,2020-02-02,2,0,,,,,0.029,0,,,,,,,,,,,,,,
UK,2020-02-03,8,6,,,,,0.118,0.088,,,,,,,,,,,,,,
UK,2020-02-04,8,0,,,,,0.118,0,,,,,,,,,,,,,,
UK,2020-02-05,9,1,1.286,,,0,0.133,0.015,0.019,,,0,,,,,,,,,,
UK,2020-02-06,9,0,1.286,,,0,0.133,0,0.019,,,0,,,,,,,,,,
UK,2020-02-07,9,0,1,,,0,0.133,0,0.015,,,0,,,,,,,,,,
UK,2020-02-08,13,4,1.571,,,0,0.191,0.059,0.023,,,0,,,,,,,,,,
UK,2020-02-09,14,1,1.714,,,0,0.206,0.015,0.025,,,0,,,,,,,,,,
UK,2020-02-10,14,0,0.857,,,0,0.206,0,0.013,,,0,,,,,,,,,,
UK,2020-02-11,15,1,1,,,0,0.221,0.015,0.015,,,0,,,,,,,,,,
UK,2020-02-12,16,1,1,,,0,0.236,0.015,0.015,,,0,,,,,,,,,,
UK,2020-02-13,17,1,1.143,,,0,0.25,0.015,0.017,,,0,,,,,,,,,,
UK,2020-02-14,18,1,1.286,,,0,0.265,0.015,0.019,,,0,,,,,,,,,,
UK,2020-02-15,18,0,0.714,,,0,0.265,0,0.011,,,0,,,,,,,,,,
UK,2020-02-16,18,0,0.571,,,0,0.265,0,0.008,,,0,,,,,,,,,,
UK,2020-02-17,19,1,0.714,,,0,0.28,0.015,0.011,,,0,,,,,,,,,,
UK,2020-02-18,19,0,0.571,,,0,0.28,0,0.008,,,0,,,,,,,,,,
UK,2020-02-19,20,1,0.571,,,0,0.295,0.015,0.008,,,0,,,,,,,,,,
UK,2020-02-20,22,2,0.714,,,0,0.324,0.029,0.011,,,0,,,,,,,,,,
UK,2020-02-21,23,1,0.714,,,0,0.339,0.015,0.011,,,0,,,,,,,,,,
UK,2020-02-22,23,0,0.714,,,0,0.339,0,0.011,,,0,,,,,,,,,,
UK,2020-02-23,28,5,1.429,,,0,0.412,0.074,0.021,,,0,,,,,,,,,,
UK,2020-02-24,30,2,1.571,,,0,0.442,0.029,0.023,,,0,,,,,,,,,,
UK,2020-02-25,34,4,2.143,,,0,0.501,0.059,0.032,,,0,,,,,,,,,,
UK,2020-02-26,37,3,2.429,,,0,0.545,0.044,0.036,,,0,,,,,,,,,,
UK,2020-02-27,44,7,3.143,,,0,0.648,0.103,0.046,,,0,,,,,,,,,,
UK,2020-02-28,56,12,4.714,,,0,0.825,0.177,0.069,,,0,,,,,,,,,,
UK,2020-02-29,61,5,5.429,,,0,0.899,0.074,0.08,,,0,,,,,,,,,,
UK,2020-03-01,94,33,9.429,,,0,1.385,0.486,0.139,,,0,,,,,,,,,,
UK,2020-03-02,134,40,14.857,,,0,1.974,0.589,0.219,,,0,,,,,,,,,,
UK,2020-03-03,189,55,22.143,,,0,2.784,0.81,0.326,,,0,2.11,,,,,,,,,
UK,2020-03-04,246,57,29.857,,,0,3.624,0.84,0.44,,,0,2.08,,,,,,,,,
UK,2020-03-05,295,49,35.857,,,0,4.346,0.722,0.528,,,0,2.12,,,,,,,,,
UK,2020-03-06,374,79,45.429,1,1,0.143,5.509,1.164,0.669,0.015,0.015,0.002,2.27,,,,,,,,,
UK,2020-03-07,429,55,52.571,2,1,0.286,6.319,0.81,0.774,0.029,0.015,0.004,2.39,,,,,,,,,
UK,2020-03-08,483,54,55.571,2,0,0.286,7.115,0.795,0.819,0.029,0,0.004,2.6,,,,,,,,,
UK,2020-03-09,630,147,70.857,3,1,0.429,9.28,2.165,1.044,0.044,0.015,0.006,2.96,,,,,,,,,
UK,2020-03-10,889,259,100,7,4,1,13.095,3.815,1.473,0.103,0.059,0.015,3.25,,,,,,,,,
UK,2020-03-11,1301,412,150.714,7,0,1,19.164,6.069,2.22,0.103,0,0.015,3.35,,,,,,,,,
UK,2020-03-12,1790,489,213.571,9,2,1.286,26.368,7.203,3.146,0.133,0.029,0.019,3.17,,,,,,,,,
UK,2020-03-13,2270,480,270.857,10,1,1.286,33.438,7.071,3.99,0.147,0.015,0.019,2.84,,,,,,,,,
UK,2020-03-14,2634,364,315,29,19,3.857,38.8,5.362,4.64,0.427,0.28,0.057,2.59,,,,,,,,,
UK,2020-03-15,3077,443,370.571,43,14,5.857,45.326,6.526,5.459,0.633,0.206,0.086,2.43,,,,,,,,,
UK,2020-03-16,3692,615,437.429,66,23,9,54.385,9.059,6.444,0.972,0.339,0.133,2.27,,,,,,,,,
UK,2020-03-17,4462,770,510.429,83,17,10.857,65.728,11.343,7.519,1.223,0.25,0.16,2.2,,,,,,,,,
UK,2020-03-18,5468,1006,595.286,118,35,15.857,80.547,14.819,8.769,1.738,0.516,0.234,2.2,,,,,,,,,
UK,2020-03-19,6534,1066,677.714,164,46,22.143,96.25,15.703,9.983,2.416,0.678,0.326,2.22,,,,,,,,,
UK,2020-03-20,7792,1258,788.857,196,32,26.571,114.781,18.531,11.62,2.887,0.471,0.391,2.26,,,,,,,,,
UK,2020-03-21,9007,1215,910.429,254,58,32.143,132.678,17.898,13.411,3.742,0.854,0.473,2.29,,,,,,,,,
UK,2020-03-22,10395,1388,1045.429,289,35,35.143,153.124,20.446,15.4,4.257,0.516,0.518,2.29,,,,,,,,,
UK,2020-03-23,12744,2349,1293.143,365,76,42.714,187.726,34.602,19.049,5.377,1.12,0.629,2.24,,,,,,,,,
UK,2020-03-24,15126,2382,1523.429,513,148,61.429,222.815,35.088,22.441,7.557,2.18,0.905,2.11,,,,,,,,,
UK,2020-03-25,17843,2717,1767.857,704,191,83.714,262.838,40.023,26.042,10.37,2.814,1.233,2.02,,,,,,,,,
UK,2020-03-26,20970,3127,2062.286,886,182,103.143,308.9,46.063,30.379,13.051,2.681,1.519,1.99,,,,,,,,,
UK,2020-03-27,24219,3249,2346.714,1174,288,139.714,356.76,47.86,34.568,17.294,4.242,2.058,1.94,,,,,,,,,
UK,2020-03-28,27062,2843,2579.286,1466,292,173.143,398.639,41.879,37.994,21.595,4.301,2.55,1.89,,,,,,,,,
UK,2020-03-29,29954,2892,2794.143,1679,213,198.571,441.24,42.601,41.159,24.733,3.138,2.925,1.82,,,,,,,,,
UK,2020-03-30,34281,4327,3076.714,2053,374,241.143,504.979,63.739,45.322,30.242,5.509,3.552,1.74,,,,,,,,,
UK,2020-03-31,38815,4534,3384.143,2457,404,277.714,571.767,66.788,49.85,36.193,5.951,4.091,1.65,,,,,,,,,
UK,2020-04-01,43789,4974,3706.571,3130,673,346.571,645.037,73.27,54.6,46.107,9.914,5.105,1.57,,,,,,,,,
UK,2020-04-02,48718,4929,3964,3787,657,414.429,717.644,72.607,58.392,55.785,9.678,6.105,1.52,,,,,,,,,
UK,2020-04-03,53699,4981,4211.429,4524,737,478.571,791.017,73.373,62.037,66.641,10.856,7.05,1.49,,,,,,,,,
UK,2020-04-04,57772,4073,4387.143,5281,757,545,851.015,59.998,64.625,77.792,11.151,8.028,1.44,,,,,,,,,
UK,2020-04-05,61422,3650,4495.429,5882,601,600.429,904.781,53.767,66.22,86.645,8.853,8.845,1.37,,,,,,,,,
UK,2020-04-06,66738,5316,4636.714,6452,570,628.429,983.089,78.308,68.301,95.042,8.396,9.257,1.29,,,,,,,,,
UK,2020-04-07,72224,5486,4772.714,7557,1105,728.571,1063.901,80.812,70.305,111.319,16.277,10.732,1.21,,,,,,,,,
UK,2020-04-08,77387,5163,4799.714,8589,1032,779.857,1139.955,76.054,70.703,126.521,15.202,11.488,1.13,,,,,,,,,
UK,2020-04-09,82293,4906,4796.429,9706,1117,845.571,1212.223,72.268,70.654,142.975,16.454,12.456,1.1,,,,,,,,,
UK,2020-04-10,86660,4367,4708.714,10829,1123,900.714,1276.552,64.328,69.362,159.517,16.542,13.268,1.08,,,,,,,,,
UK,2020-04-11,90273,3613,4643,11673,844,913.143,1329.773,53.222,68.394,171.95,12.433,13.451,1.08,,,,,,,,,
UK,2020-04-12,93812,3539,4627.143,12330,657,921.143,1381.905,52.132,68.16,181.628,9.678,13.569,1.06,,,,,,,,,
UK,2020-04-13,98017,4205,4468.429,13055,725,943.286,1443.847,61.942,65.823,192.308,10.68,13.895,1.02,,,,,,,,,
UK,2020-04-14,102365,4348,4305.857,14135,1080,939.714,1507.896,64.049,63.428,208.217,15.909,13.843,1.01,,,,,,,,,
UK,2020-04-15,107465,5100,4296.857,15019,884,918.571,1583.021,75.126,63.295,221.239,13.022,13.531,1.04,,,,,,,,,
UK,2020-04-16,112808,5343,4359.286,16059,1040,907.571,1661.727,78.705,64.215,236.558,15.32,13.369,1.08,,,,,,,,,
UK,2020-04-17,117798,4990,4448.286,16973,914,877.714,1735.232,73.506,65.526,250.022,13.464,12.929,1.11,,,,,,,,,
UK,2020-04-18,122534,4736,4608.714,18081,1108,915.429,1804.997,69.764,67.889,266.344,16.321,13.485,1.13,,,,,,,,,
UK,2020-04-19,126394,3860,4654.571,18514,433,883.429,1861.857,56.86,68.565,272.722,6.378,13.013,1.09,,,,,,,,,
UK,2020-04-20,131260,4866,4749,19090,576,862.143,1933.536,71.679,69.956,281.207,8.485,12.7,1.05,,,,,,,,,
UK,2020-04-21,136035,4775,4810,20314,1224,882.714,2003.874,70.339,70.854,299.237,18.03,13.003,1.01,,,,,,,,,
UK,2020-04-22,141540,5505,4867.857,21171,857,878.857,2084.966,81.092,71.706,311.861,12.624,12.946,1.01,,,,,,,,,
UK,2020-04-23,146708,5168,4842.857,21855,684,828,2161.093,76.128,71.338,321.937,10.076,12.197,1.01,,,,,,,,,
UK,2020-04-24,151689,4981,4841.571,22873,1018,842.857,2234.466,73.373,71.319,336.932,14.996,12.416,1.02,,,,,,,,,
UK,2020-04-25,155453,3764,4702.714,23689,816,801.143,2289.912,55.446,69.274,348.953,12.02,11.801,1.01,,,,,,,,,
UK,2020-04-26,158926,3473,4647.429,24053,364,791.286,2341.072,51.159,68.459,354.315,5.362,11.656,1,,,,,,,,,
UK,2020-04-27,163630,4704,4624.286,24376,323,755.143,2410.364,69.293,68.118,359.073,4.758,11.124,0.98,,,,,,,,,
UK,2020-04-28,168357,4727,4617.429,25347,971,719,2479.996,69.631,68.017,373.376,14.303,10.591,0.97,,,,,,,,,
UK,2020-04-29,173807,5450,4609.571,26118,771,706.714,2560.277,80.282,67.902,384.733,11.357,10.41,0.97,,,,,,,,,
UK,2020-04-30,178771,4964,4580.429,26754,636,699.857,2633.4,73.123,67.472,394.102,9.369,10.309,0.96,,,,,,,,,
UK,2020-05-01,183501,4730,4544.571,27454,700,654.429,2703.076,69.676,66.944,404.413,10.311,9.64,0.94,,,,,,,,,
UK,2020-05-02,186731,3230,4468.286,28039,585,621.429,2750.655,47.58,65.82,413.031,8.617,9.154,0.91,,,,,,,,,
UK,2020-05-03,189708,2977,4397.429,28292,253,605.571,2794.508,43.853,64.777,416.757,3.727,8.92,0.87,,,,,,,,,
UK,2020-05-04,193091,3383,4208.714,28565,273,598.429,2844.342,49.834,61.997,420.779,4.021,8.815,0.82,,,,,,,,,
UK,2020-05-05,196780,3689,4060.429,29290,725,563.286,2898.683,54.341,59.812,431.459,10.68,8.298,0.8,,,,,,,,,
UK,2020-05-06,200616,3836,3829.857,29937,647,545.571,2955.189,56.506,56.416,440.989,9.531,8.037,0.8,,,,,,,,,
UK,2020-05-07,204387,3771,3659.429,30395,458,520.143,3010.738,55.549,53.905,447.736,6.747,7.662,0.81,,,,,,,,,
UK,2020-05-08,207439,3052,3419.714,30975,580,503,3055.696,44.958,50.374,456.28,8.544,7.409,0.81,,,,,,,,,
UK,2020-05-09,209589,2150,3265.429,31250,275,458.714,3087.367,31.671,48.102,460.331,4.051,6.757,0.82,,,,,,,,,
UK,2020-05-10,211911,2322,3171.857,31467,217,453.571,3121.571,34.204,46.723,463.527,3.197,6.681,0.84,,,,,,,,,
UK,2020-05-11,215500,3589,3201.286,31655,188,441.429,3174.439,52.868,47.157,466.296,2.769,6.502,0.85,,,,,,,,,
UK,2020-05-12,218895,3395,3159.286,32270,615,425.714,3224.45,50.01,46.538,475.356,9.059,6.271,0.83,,,,,,,,,
UK,2020-05-13,222195,3300,3082.714,32718,448,397.286,3273.061,48.611,45.41,481.955,6.599,5.852,0.81,,,,,,,,,
UK,2020-05-14,224813,2618,2918,33071,353,382.286,3311.625,38.565,42.984,487.155,5.2,5.631,0.79,,,,,,,,,
UK,2020-05-15,227334,2521,2842.143,33422,351,349.571,3348.761,37.136,41.866,492.325,5.17,5.149,0.8,,,,,,,,,
UK,2020-05-16,229406,2072,2831,33833,411,369,3379.283,30.522,41.702,498.38,6.054,5.436,0.81,,,,,,,,,
UK,2020-05-17,231232,1826,2760.143,33900,67,347.571,3406.181,26.898,40.658,499.367,0.987,5.12,0.82,,,,,,,,,
UK,2020-05-18,233809,2577,2615.571,34046,146,341.571,3444.141,37.961,38.529,501.517,2.151,5.032,0.83,,,,,,,,,
UK,2020-05-19,236867,3058,2567.429,34547,501,325.286,3489.188,45.046,37.82,508.897,7.38,4.792,0.84,,,,,,,,,
UK,2020-05-20,239579,2712,2483.429,34876,329,308.286,3529.137,39.949,36.582,513.744,4.846,4.541,0.82,,,,,,,,,
UK,2020-05-21,242133,2554,2474.286,35149,273,296.857,3566.759,37.622,36.448,517.765,4.021,4.373,0.8,,,,,,,,,
UK,2020-05-22,244174,2041,2405.714,35440,291,288.286,3596.824,30.065,35.438,522.052,4.287,4.247,0.77,,,,,,,,,
UK,2020-05-23,245682,1508,2325.143,35660,220,261,3619.038,22.214,34.251,525.292,3.241,3.845,0.74,,,,,,,,,
UK,2020-05-24,247037,1355,2257.857,36039,379,305.571,3638.998,19.96,33.26,530.875,5.583,4.501,0.72,,,,,,,,,
UK,2020-05-25,248650,1613,2120.143,36143,104,299.571,3662.758,23.76,31.231,532.407,1.532,4.413,0.69,,,,,,,,,
UK,2020-05-26,250309,1659,1920.286,36274,131,246.714,3687.196,24.438,28.287,534.337,1.93,3.634,0.69,,,,,,,,,
UK,2020-05-27,252118,1809,1791.286,36696,422,260,3713.844,26.648,26.387,540.553,6.216,3.83,0.71,,,,,,,,,
UK,2020-05-28,253854,1736,1674.429,37039,343,270,3739.416,25.572,24.665,545.606,5.053,3.977,0.73,,,,,,,,,
UK,2020-05-29,255362,1508,1598.286,37313,274,267.571,3761.63,22.214,23.544,549.642,4.036,3.941,0.73,,,,,,,,,
UK,2020-05-30,256469,1107,1541,37467,154,258.143,3777.936,16.307,22.7,551.911,2.269,3.803,0.73,,,,,,,,,
UK,2020-05-31,257539,1070,1500.286,37527,60,212.571,3793.698,15.762,22.1,552.794,0.884,3.131,0.74,,,,,,,,,
UK,2020-06-01,258983,1444,1476.143,37613,86,210,3814.969,21.271,21.744,554.061,1.267,3.093,0.74,,,,,,,,,
UK,2020-06-02,260453,1470,1449.143,37863,250,227,3836.623,21.654,21.347,557.744,3.683,3.344,0.74,,,,,,,,,
UK,2020-06-03,261802,1349,1383.429,38117,254,203,3856.494,19.872,20.379,561.485,3.742,2.99,0.73,,,,,,,,,
UK,2020-06-04,263040,1238,1312.286,38247,130,172.571,3874.731,18.236,19.331,563.4,1.915,2.542,0.72,,,,,,,,,
UK,2020-06-05,264150,1110,1255.429,38505,258,170.286,3891.082,16.351,18.493,567.201,3.8,2.508,0.71,,,,,,,,,
UK,2020-06-06,264944,794,1210.714,38648,143,168.714,3902.778,11.696,17.835,569.307,2.106,2.485,0.71,,,,,,,,,
UK,2020-06-07,265662,718,1160.429,38702,54,167.857,3913.355,10.577,17.094,570.103,0.795,2.473,0.73,,,,,,,,,
UK,2020-06-08,266756,1094,1110.429,38749,47,162.286,3929.47,16.115,16.357,570.795,0.692,2.391,0.76,,,,,,,,,
UK,2020-06-09,267915,1159,1066,38946,197,154.714,3946.543,17.073,15.703,573.697,2.902,2.279,0.79,,,,,,,,,
UK,2020-06-10,269101,1186,1042.714,39110,164,141.857,3964.013,17.47,15.36,576.113,2.416,2.09,0.82,,,,,,,,,
UK,2020-06-11,270108,1007,1009.714,39186,76,134.143,3978.847,14.834,14.874,577.232,1.12,1.976,0.82,,,,,,,,,
UK,2020-06-12,271162,1054,1001.714,39317,131,116,3994.373,15.526,14.756,579.162,1.93,1.709,0.83,,,,,,,,,
UK,2020-06-13,272050,888,1015.143,39424,107,110.857,4007.453,13.081,14.954,580.738,1.576,1.633,0.84,,,,,,,,,
UK,2020-06-14,272857,807,1027.857,39451,27,107,4019.341,11.888,15.141,581.136,0.398,1.576,0.86,,,,,,,,,
UK,2020-06-15,273888,1031,1018.857,39480,29,104.429,4034.528,15.187,15.008,581.563,0.427,1.538,0.87,,,,,,,,,
UK,2020-06-16,274971,1083,1008,39600,120,93.429,4050.481,15.953,14.848,583.331,1.768,1.376,0.87,,,,,,,,,
UK,2020-06-17,275970,999,981.286,39710,110,85.714,4065.197,14.716,14.455,584.951,1.62,1.263,0.88,,,,,,,,,
UK,2020-06-18,276990,1020,983.143,39777,67,84.429,4080.222,15.025,14.482,585.938,0.987,1.244,0.88,,,,,,,,,
UK,2020-06-19,277974,984,973.143,39861,84,77.714,4094.717,14.495,14.335,587.176,1.237,1.145,0.84,,,,,,,,,
UK,2020-06-20,278640,666,941.429,39932,71,72.571,4104.528,9.811,13.868,588.221,1.046,1.069,0.81,,,,,,,,,
UK,2020-06-21,279264,624,915.286,39963,31,73.143,4113.72,9.192,13.483,588.678,0.457,1.077,0.81,,,,,,,,,
UK,2020-06-22,280156,892,895.429,39976,13,70.857,4126.859,13.14,13.19,588.87,0.191,1.044,0.82,,,,,,,,,
UK,2020-06-23,281038,882,866.714,40070,94,67.143,4139.852,12.992,12.767,590.254,1.385,0.989,0.81,,,,,,,,,
UK,2020-06-24,281815,777,835,40157,87,63.857,4151.298,11.446,12.3,591.536,1.282,0.941,0.8,,,,,,,,,
UK,2020-06-25,282512,697,788.857,40256,99,68.429,4161.565,10.267,11.62,592.994,1.458,1.008,0.77,,,,,,,,,
UK,2020-06-26,283151,639,739.571,40333,77,67.429,4170.978,9.413,10.894,594.128,1.134,0.993,0.72,,,,,,,,,
UK,2020-06-27,283785,634,735,40373,40,63,4180.317,9.339,10.827,594.718,0.589,0.928,0.69,,,,,,,,,
UK,2020-06-28,284192,407,704,40404,31,63,4186.312,5.995,10.37,595.174,0.457,0.928,0.66,,,,,,,,,
UK,2020-06-29,284812,620,665.143,40425,21,64.143,4195.445,9.133,9.798,595.484,0.309,0.945,0.63,,,,,,,,,
UK,2020-06-30,285216,404,596.857,40479,54,58.429,4201.396,5.951,8.792,596.279,0.795,0.861,0.54,,,,,,,,,
UK,2020-07-01,285279,63,494.857,40576,97,59.857,4202.324,0.928,7.29,597.708,1.429,0.882,0.49,,,,,,,,,
UK,2020-07-02,285285,6,396.143,40617,41,51.571,4202.413,0.088,5.835,598.312,0.604,0.76,0.55,,,,,,,,,
UK,2020-07-03,285787,502,376.571,40666,49,47.571,4209.807,7.395,5.547,599.034,0.722,0.701,0.74,,,,,,,,,
UK,2020-07-04,286412,625,375.286,40698,32,46.429,4219.014,9.207,5.528,599.505,0.471,0.684,0.87,,,,,,,,,
UK,2020-07-05,286931,519,391.286,40717,19,44.714,4226.659,7.645,5.764,599.785,0.28,0.659,0.93,,,,,,,,,
UK,2020-07-06,287290,359,354,40728,11,43.286,4231.947,5.288,5.215,599.947,0.162,0.638,0.96,,,,,,,,,
UK,2020-07-07,287874,584,379.714,40782,54,43.286,4240.55,8.603,5.593,600.742,0.795,0.638,1.03,,,,,,,,,
UK,2020-07-08,288511,637,461.714,40839,57,37.571,4249.933,9.383,6.801,601.582,0.84,0.553,1.12,,,,,,,,,
UK,2020-07-09,289154,643,552.714,40870,31,36.143,4259.405,9.472,8.142,602.039,0.457,0.532,1.15,,,,,,,,,
UK,2020-07-10,289678,524,555.857,40904,34,34,4267.124,7.719,8.188,602.54,0.501,0.501,1.15,,,,,,,,,
UK,2020-07-11,290504,826,584.571,40921,17,31.857,4279.292,12.167,8.611,602.79,0.25,0.469,1.2,,,,,,,,,
UK,2020-07-12,291154,650,603.286,40930,9,30.429,4288.866,9.575,8.887,602.923,0.133,0.448,1.2,,,,,,,,,
UK,2020-07-13,291691,537,628.714,40940,10,30.286,4296.777,7.91,9.261,603.07,0.147,0.446,1.22,,,,,,,,,
UK,2020-07-14,292931,1240,722.429,40984,44,28.857,4315.043,18.266,10.642,603.718,0.648,0.425,1.28,,,,,,,,,
UK,2020-07-15,293469,538,708.286,41010,26,24.429,4322.968,7.925,10.433,604.101,0.383,0.36,1.16,,,,,,,,,
UK,2020-07-16,294116,647,708.857,41034,24,23.429,4332.498,9.531,10.442,604.454,0.354,0.345,1.09,,,,,,,,,
UK,2020-07-17,294803,687,732.143,41060,26,22.286,4342.618,10.12,10.785,604.837,0.383,0.328,1.07,,,,,,,,,
UK,2020-07-18,295632,829,732.571,41069,9,21.143,4354.83,12.212,10.791,604.97,0.133,0.311,1.06,,,,,,,,,
UK,2020-07-19,296358,726,743.429,41080,11,21.429,4365.524,10.694,10.951,605.132,0.162,0.316,1.03,,,,,,,,,
UK,2020-07-20,296944,586,750.429,41090,10,21.429,4374.156,8.632,11.054,605.279,0.147,0.316,0.98,,,,,,,,,
UK,2020-07-21,297389,445,636.857,41115,25,18.714,4380.712,6.555,9.381,605.648,0.368,0.276,0.93,,,,,,,,,
UK,2020-07-22,297952,563,640.429,41132,17,17.429,4389.005,8.293,9.434,605.898,0.25,0.257,0.99,,,,,,,,,
UK,2020-07-23,298731,779,659.286,41141,9,15.286,4400.48,11.475,9.712,606.031,0.133,0.225,1.05,,,,,,,,,
UK,2020-07-24,299500,769,671,41173,32,16.143,4411.808,11.328,9.884,606.502,0.471,0.238,1.07,,,,,,,,,
UK,2020-07-25,300270,770,662.571,41188,15,17,4423.15,11.343,9.76,606.723,0.221,0.25,1.08,,,,,,,,,
UK,2020-07-26,301020,750,666,41196,8,16.571,4434.198,11.048,9.811,606.841,0.118,0.244,1.07,,,,,,,,,
UK,2020-07-27,301708,688,680.571,41199,3,15.571,4444.333,10.135,10.025,606.885,0.044,0.229,1.06,,,,,,,,,
UK,2020-07-28,302261,553,696,41220,21,15,4452.479,8.146,10.252,607.194,0.309,0.221,1.06,,,,,,,,,
UK,2020-07-29,303063,802,730.143,41254,34,17.429,4464.293,11.814,10.755,607.695,0.501,0.257,1.1,,,,,,,,,
UK,2020-07-30,303910,847,739.857,41254,0,16.143,4476.77,12.477,10.899,607.695,0,0.238,1.11,,,,,,,,,
UK,2020-07-31,304793,883,756.143,41274,20,14.429,4489.777,13.007,11.138,607.99,0.295,0.213,1.11,,,,,,,,,
UK,2020-08-01,305562,769,756,41287,13,14.143,4501.105,11.328,11.136,608.181,0.191,0.208,1.1,,,,,,,,,
UK,2020-08-02,306309,747,755.571,41292,5,13.714,4512.108,11.004,11.13,608.255,0.074,0.202,1.1,,,,,,,,,
UK,2020-08-03,307251,942,791.857,41293,1,13.429,4525.984,13.876,11.665,608.27,0.015,0.198,1.13,,,,,,,,,
UK,2020-08-04,307926,675,809.286,41311,18,13,4535.928,9.943,11.921,608.535,0.265,0.191,1.11,,,,,,,,,
UK,2020-08-05,308832,906,824.143,41325,14,10.143,4549.274,13.346,12.14,608.741,0.206,0.149,1.13,,,,,,,,,
UK,2020-08-06,309796,964,840.857,41343,18,12.714,4563.474,14.2,12.386,609.006,0.265,0.187,1.12,,,,,,,,,
UK,2020-08-07,310696,900,843.286,41355,12,11.571,4576.731,13.258,12.422,609.183,0.177,0.17,1.11,,,,,,,,,
UK,2020-08-08,311461,765,842.714,41358,3,10.143,4588,11.269,12.414,609.227,0.044,0.149,1.12,,,,,,,,,
UK,2020-08-09,312574,1113,895,41363,5,10.143,4604.395,16.395,13.184,609.301,0.074,0.149,1.17,,,,,,,,,
UK,2020-08-10,313392,818,877.286,41381,18,12.571,4616.445,12.05,12.923,609.566,0.265,0.185,1.18,,,,,,,,,
UK,2020-08-11,314542,1150,945.143,41394,13,11.857,4633.385,16.94,13.922,609.757,0.191,0.175,1.22,,,,,,,,,
UK,2020-08-12,315581,1039,964.143,41414,20,12.714,4648.69,15.305,14.202,610.052,0.295,0.187,1.21,,,,,,,,,
UK,2020-08-13,316729,1148,990.429,41432,18,12.714,4665.601,16.911,14.59,610.317,0.265,0.187,1.2,,,,,,,,,
UK,2020-08-14,318190,1461,1070.571,41443,11,12.571,4687.122,21.521,15.77,610.479,0.162,0.185,1.2,,,,,,,,,
UK,2020-08-15,319232,1042,1110.143,41446,3,12.571,4702.472,15.349,16.353,610.523,0.044,0.185,1.13,,,,,,,,,
UK,2020-08-16,320343,1111,1109.857,41451,5,12.571,4718.837,16.366,16.349,610.597,0.074,0.185,1.07,,,,,,,,,
UK,2020-08-17,321064,721,1096,41454,3,10.429,4729.458,10.621,16.145,610.641,0.044,0.154,1.03,,,,,,,,,
UK,2020-08-18,322177,1113,1090.714,41466,12,10.286,4745.853,16.395,16.067,610.818,0.177,0.152,1.04,,,,,,,,,
UK,2020-08-19,323008,831,1061,41483,17,9.857,4758.094,12.241,15.629,611.069,0.25,0.145,1.03,,,,,,,,,
UK,2020-08-20,324203,1195,1067.714,41489,6,8.143,4775.697,17.603,15.728,611.157,0.088,0.12,1.05,,,,,,,,,
UK,2020-08-21,325263,1060,1010.429,41491,2,6.857,4791.312,15.614,14.884,611.186,0.029,0.101,1.07,,,,,,,,,
UK,2020-08-22,326595,1332,1051.857,41509,18,9,4810.933,19.621,15.494,611.452,0.265,0.133,1.1,,,,,,,,,
UK,2020-08-23,327643,1048,1042.857,41515,6,9.143,4826.37,15.438,15.362,611.54,0.088,0.135,1.07,,,,,,,,,
UK,2020-08-24,328620,977,1079.429,41519,4,9.286,4840.762,14.392,15.901,611.599,0.059,0.137,1.1,,,,,,,,,
UK,2020-08-25,329821,1201,1092,41535,16,9.857,4858.454,17.691,16.086,611.835,0.236,0.145,1.13,,,,,,,,,
UK,2020-08-26,330967,1146,1137,41552,17,9.857,4875.335,16.881,16.749,612.085,0.25,0.145,1.15,,,,,,,,,
UK,2020-08-27,332509,1542,1186.571,41564,12,10.714,4898.049,22.715,17.479,612.262,0.177,0.158,1.17,,,,,,,,,
UK,2020-08-28,333806,1297,1220.429,41573,9,11.714,4917.155,19.106,17.978,612.394,0.133,0.173,1.16,,,,,,,,,
UK,2020-08-29,334916,1110,1188.714,41585,12,10.857,4933.506,16.351,17.51,612.571,0.177,0.16,1.17,,,,,,,,,
UK,2020-08-30,336668,1752,1289.286,41586,1,10.143,4959.314,25.808,18.992,612.586,0.015,0.149,1.22,,,,,,,,,
UK,2020-08-31,338083,1415,1351.857,41589,3,10,4980.158,20.844,19.914,612.63,0.044,0.147,1.23,,,,,,,,,
UK,2020-09-01,339415,1332,1370.571,41592,3,8.143,4999.779,19.621,20.189,612.674,0.044,0.12,1.23,,,,,,,,,
UK,2020-09-02,340929,1514,1423.143,41602,10,7.143,5022.081,22.302,20.964,612.821,0.147,0.105,1.27,,,,,,,,,
UK,2020-09-03,342708,1779,1457,41616,14,7.429,5048.287,26.206,21.462,613.028,0.206,0.109,1.31,,,,,,,,,
UK,2020-09-04,344686,1978,1554.286,41626,10,7.571,5077.424,29.137,22.896,613.175,0.147,0.112,1.37,,,,,,,,,
UK,2020-09-05,346513,1827,1656.714,41638,12,7.571,5104.336,26.913,24.404,613.352,0.177,0.112,1.44,,,,,,,,,
UK,2020-09-06,349500,2987,1833.143,41640,2,7.714,5148.337,44,27.003,613.381,0.029,0.114,1.53,,,,,,,,,
UK,2020-09-07,352453,2953,2052.857,41643,3,7.714,5191.836,43.499,30.24,613.425,0.044,0.114,1.55,,,,,,,,,
UK,2020-09-08,354934,2481,2217,41675,32,11.857,5228.383,36.547,32.658,613.897,0.471,0.175,1.48,,,,,,,,,
UK,2020-09-09,357615,2681,2383.714,41683,8,11.571,5267.875,39.493,35.113,614.015,0.118,0.17,1.44,,,,,,,,,
UK,2020-09-10,360546,2931,2548.286,41697,14,11.571,5311.051,43.175,37.538,614.221,0.206,0.17,1.42,,,,,,,,,
UK,2020-09-11,364090,3544,2772,41703,6,11,5363.256,52.205,40.833,614.309,0.088,0.162,1.42,,,,,,,,,
UK,2020-09-12,367594,3504,3011.571,41712,9,10.571,5414.872,51.616,44.362,614.442,0.133,0.156,1.38,,,,,,,,,
UK,2020-09-13,370932,3338,3061.714,41717,5,11,5464.042,49.171,45.101,614.515,0.074,0.162,1.31,,,,,,,,,
UK,2020-09-14,373557,2625,3014.857,41726,9,11.857,5502.71,38.668,44.411,614.648,0.133,0.175,1.28,,,,,,,,,
UK,2020-09-15,376672,3115,3105.429,41753,27,11.143,5548.596,45.886,45.745,615.046,0.398,0.164,1.29,,,,,,,,,
UK,2020-09-16,380679,4007,3294.857,41773,20,12.857,5607.621,59.025,48.535,615.34,0.295,0.189,1.31,,,,,,,,,
UK,2020-09-17,384089,3410,3363.286,41794,21,13.857,5657.853,50.231,49.543,615.65,0.309,0.204,1.3,,,,,,,,,
UK,2020-09-18,388418,4329,3475.429,41821,27,16.857,5721.621,63.769,51.195,616.047,0.398,0.248,1.32,,,,,,,,,
UK,2020-09-19,392847,4429,3607.571,41848,27,19.429,5786.863,65.242,53.142,616.445,0.398,0.286,1.32,,,,,,,,,
UK,2020-09-20,396746,3899,3687.714,41866,18,21.286,5844.297,57.435,54.322,616.71,0.265,0.314,1.31,,,,,,,,,
UK,2020-09-21,401124,4378,3938.143,41877,11,21.571,5908.788,64.49,58.011,616.872,0.162,0.318,1.38,,,,,,,,,
UK,2020-09-22,406060,4936,4198.286,41914,37,23,5981.498,72.71,61.843,617.417,0.545,0.339,1.42,,,,,,,,,
UK,2020-09-23,412247,6187,4509.714,41951,37,25.429,6072.636,91.138,66.431,617.962,0.545,0.375,1.45,,,,,,,,,
UK,2020-09-24,418891,6644,4971.714,41991,40,28.143,6170.506,97.87,73.236,618.552,0.589,0.415,1.45,,,,,,,,,
UK,2020-09-25,425769,6878,5335.857,42025,34,29.143,6271.823,101.317,78.6,619.052,0.501,0.429,1.4,,,,,,,,,
UK,2020-09-26,431819,6050,5567.429,42060,35,30.286,6360.943,89.12,82.011,619.568,0.516,0.446,1.31,,,,,,,,,
UK,2020-09-27,437519,5700,5824.714,42077,17,30.143,6444.907,83.964,85.801,619.818,0.25,0.444,1.24,,,,,,,,,
UK,2020-09-28,441575,4056,5778.714,42090,13,30.429,6504.654,59.747,85.124,620.01,0.191,0.448,1.26,,,,,,,,,
UK,2020-09-29,448731,7156,6095.857,42162,72,35.429,6610.066,105.412,89.795,621.071,1.061,0.522,1.34,,,,,,,,,
UK,2020-09-30,455848,7117,6228.714,42233,71,40.286,6714.904,104.838,91.753,622.116,1.046,0.593,1.38,,,,,,,,,
UK,2020-10-01,462777,6929,6269.429,42292,59,43,6816.972,102.068,92.352,622.986,0.869,0.633,1.46,,,,,,,,,
UK,2020-10-02,469771,6994,6286,42358,66,47.571,6919.998,103.026,92.596,623.958,0.972,0.701,1.61,,,,,,,,,
UK,2020-10-03,482656,12885,7262.429,42407,49,49.571,7109.801,189.803,106.98,624.68,0.722,0.73,1.84,,,,,,,,,
UK,2020-10-04,505621,22965,9728.857,42440,33,51.857,7448.089,338.288,143.312,625.166,0.486,0.764,1.97,,,,,,,,,
UK,2020-10-05,518224,12603,10949.857,42459,19,52.714,7633.738,185.649,161.298,625.446,0.28,0.777,1.79,,,,,,,,,
UK,2020-10-06,532781,14557,12007.143,42535,76,53.286,7848.171,214.433,176.872,626.565,1.12,0.785,1.62,,,,,,,,,
UK,2020-10-07,546954,14173,13015.143,42605,70,53.143,8056.948,208.776,191.721,627.596,1.031,0.783,1.5,,,,,,,,,
UK,2020-10-08,564504,17550,14532.429,42682,77,55.714,8315.47,258.522,214.071,628.73,1.134,0.821,1.43,,,,,,,,,
UK,2020-10-09,578392,13888,15517.286,42769,87,58.714,8520.048,204.578,228.579,630.012,1.282,0.865,1.34,,,,,,,,,
UK,2020-10-10,593567,15175,15844.429,42850,81,63.286,8743.584,223.537,233.398,631.205,1.193,0.932,1.26,,,,,,,,,
UK,2020-10-11,606449,12882,14404,42915,65,67.857,8933.344,189.759,212.179,632.163,0.957,1,1.21,,,,,,,,,
UK,2020-10-12,620460,14011,14605.143,42965,50,72.286,9139.734,206.39,215.142,632.899,0.737,1.065,1.25,,,,,,,,,
UK,2020-10-13,637710,17250,14989.857,43108,143,81.857,9393.836,254.102,220.809,635.006,2.106,1.206,1.28,,,,,,,,,
UK,2020-10-14,657461,19751,15786.714,43245,137,91.429,9684.78,290.944,232.547,637.024,2.018,1.347,1.27,,,,,,,,,
UK,2020-10-15,676457,18996,15993.286,43383,138,100.143,9964.602,279.822,235.59,639.057,2.033,1.475,1.24,,,,,,,,,
UK,2020-10-16,692114,15657,16246,43519,136,107.143,10195.238,230.637,239.313,641.06,2.003,1.578,1.19,,,,,,,,,
UK,2020-10-17,708300,16186,16390.429,43669,150,117,10433.668,238.429,241.44,643.27,2.21,1.723,1.17,,,,,,,,,
UK,2020-10-18,725294,16994,16977.857,43736,67,117.286,10683.999,250.331,250.094,644.257,0.987,1.728,1.19,,,,,,,,,
UK,2020-10-19,744124,18830,17666.286,43816,80,121.571,10961.376,277.377,260.235,645.435,1.178,1.791,1.25,,,,,,,,,
UK,2020-10-20,765489,21365,18254.143,44057,241,135.571,11276.095,314.719,268.894,648.985,3.55,1.997,1.28,,,,,,,,,
UK,2020-10-21,792196,26707,19247.857,44248,191,143.286,11669.504,393.41,283.532,651.799,2.814,2.111,1.28,,,,,,,,,
UK,2020-10-22,813453,21257,19570.857,44437,189,150.571,11982.632,313.128,288.29,654.583,2.784,2.218,1.22,,,,,,,,,
UK,2020-10-23,834012,20559,20271.143,44661,224,163.143,12285.478,302.846,298.606,657.882,3.3,2.403,1.18,,,,,,,,,
UK,2020-10-24,857045,23033,21249.286,44835,174,166.571,12624.767,339.289,313.014,660.445,2.563,2.454,1.16,,,,,,,,,
UK,2020-10-25,876842,19797,21649.714,44986,151,178.571,12916.388,291.621,318.913,662.67,2.224,2.63,1.14,,,,,,,,,
UK,2020-10-26,897742,20900,21945.429,45088,102,181.714,13224.258,307.869,323.269,664.172,1.503,2.677,1.15,,,,,,,,,
UK,2020-10-27,920666,22924,22168.143,45455,367,199.714,13561.941,337.684,326.55,669.578,5.406,2.942,1.14,,,,,,,,,
UK,2020-10-28,945380,24714,21883.429,45765,310,216.714,13925.993,364.051,322.356,674.145,4.566,3.192,1.12,,,,,,,,,
UK,2020-10-29,968458,23078,22143.571,46045,280,229.714,14265.945,339.952,326.188,678.269,4.125,3.384,1.1,,,,,,,,,
UK,2020-10-30,992876,24418,22694.857,46319,274,236.857,14625.636,359.691,334.308,682.306,4.036,3.489,1.09,,,,,,,,,
UK,2020-10-31,1014795,21919,22535.714,46645,326,258.571,14948.516,322.88,331.964,687.108,4.802,3.809,1.06,,,,,,,,,
UK,2020-11-01,1038056,23261,23030.571,46807,162,260.143,15291.164,342.648,339.254,689.494,2.386,3.832,1.05,,,,,,,,,
UK,2020-11-02,1057023,18967,22754.429,46943,136,265,15570.559,279.395,335.186,691.497,2.003,3.904,1.04,,,,,,,,,
UK,2020-11-03,1077101,20078,22347.857,47340,397,269.286,15866.319,295.761,329.197,697.346,5.848,3.967,1.04,,,,,,,,,
UK,2020-11-04,1102307,25206,22418.143,47832,492,295.286,16237.618,371.299,330.232,704.593,7.247,4.35,1.05,,,,,,,,,
UK,2020-11-05,1126471,24164,22573.286,48210,378,309.286,16593.568,355.95,332.518,710.161,5.568,4.556,1.04,,,,,,,,,
UK,2020-11-06,1149793,23322,22416.714,48565,355,320.857,16937.114,343.547,330.211,715.39,5.229,4.726,1.04,,,,,,,,,
UK,2020-11-07,1174772,24979,22853.857,48978,413,333.286,17305.069,367.955,336.65,721.474,6.084,4.909,1.04,,,,,,,,,
UK,2020-11-08,1195352,20580,22470.857,49134,156,332.429,17608.225,303.155,331.009,723.772,2.298,4.897,1.03,,,,,,,,,
UK,2020-11-09,1216749,21397,22818,49329,195,340.857,17923.415,315.19,336.122,726.645,2.872,5.021,1.04,,,,,,,,,
UK,2020-11-10,1237200,20451,22871.286,49861,532,360.143,18224.67,301.255,336.907,734.481,7.837,5.305,1.05,,,,,,,,,
UK,2020-11-11,1260200,23000,22556.143,50457,596,375,18563.473,338.803,332.265,743.261,8.779,5.524,1.08,,,,,,,,,
UK,2020-11-12,1293717,33517,23892.286,51020,563,401.429,19057.198,493.725,351.947,751.554,8.293,5.913,1.12,,,,,,,,,
UK,2020-11-13,1321033,27316,24462.857,51396,376,404.429,19459.578,402.38,360.352,757.093,5.539,5.957,1.1,,,,,,,,,
UK,2020-11-14,1347909,26876,24733.857,51858,462,411.429,19855.477,395.899,364.344,763.898,6.806,6.061,1.07,,,,,,,,,
UK,2020-11-15,1372886,24977,25362,52026,168,413.143,20223.403,367.926,373.597,766.373,2.475,6.086,1.02,,,,,,,,,
UK,2020-11-16,1394302,21416,25364.714,52240,214,415.857,20538.873,315.47,373.637,769.525,3.152,6.126,0.97,,,,,,,,,
UK,2020-11-17,1414362,20060,25308.857,52839,599,425.429,20834.368,295.495,372.814,778.349,8.824,6.267,0.93,,,,,,,,,
UK,2020-11-18,1434007,19645,24829.571,53368,529,415.857,21123.75,289.382,365.754,786.141,7.792,6.126,0.88,,,,,,,,,
UK,2020-11-19,1456943,22936,23318,53870,502,407.143,21461.611,337.861,343.488,793.536,7.395,5.997,0.87,,,,,,,,,
UK,2020-11-20,1477217,20274,22312,54381,511,426.429,21760.259,298.648,328.669,801.064,7.527,6.282,0.86,,,,,,,,,
UK,2020-11-21,1497138,19921,21318.429,54721,340,409,22053.706,293.448,314.033,806.072,5.008,6.025,0.85,,,,,,,,,
UK,2020-11-22,1515805,18667,20417,55120,399,442,22328.682,274.976,300.754,811.949,5.878,6.511,0.84,,,,,,,,,
UK,2020-11-23,1531270,15465,19566.857,55327,207,441,22556.49,227.808,288.231,814.999,3.049,6.496,0.81,,,,,,,,,
UK,2020-11-24,1542614,11344,18321.714,55935,608,442.286,22723.594,167.104,269.889,823.955,8.956,6.515,0.79,,,,,,,,,
UK,2020-11-25,1560875,18261,18124,56630,695,466,22992.589,268.995,266.977,834.193,10.238,6.864,0.8,,,,,,,,,
UK,2020-11-26,1578432,17557,17355.571,57128,498,465.429,23251.214,258.625,255.658,841.528,7.336,6.856,0.79,,,,,,,,,
UK,2020-11-27,1593253,14821,16576.571,57648,520,466.714,23469.536,218.322,244.182,849.188,7.66,6.875,0.8,,,,,,,,,
UK,2020-11-28,1609144,15891,16000.857,58127,479,486.571,23703.619,234.084,235.702,856.244,7.056,7.167,0.81,,,,,,,,,
UK,2020-11-29,1621308,12164,15071.857,58342,215,460.286,23882.802,179.183,222.017,859.411,3.167,6.78,0.81,,,,,,,,,
UK,2020-11-30,1633736,12428,14638,58545,203,459.714,24065.874,183.072,215.626,862.402,2.99,6.772,0.84,,,,,,,,,
UK,2020-12-01,1647233,13497,14945.571,59148,603,459,24264.692,198.819,220.157,871.284,8.883,6.761,0.88,,,,,,,,,
UK,2020-12-02,1663470,16237,14656.429,59796,648,452.286,24503.873,239.18,215.898,880.83,9.545,6.662,0.9,,,,,,,,,
UK,2020-12-03,1678421,14951,14284.143,60210,414,440.286,24724.11,220.237,210.414,886.928,6.098,6.486,0.91,,,,,,,,,
UK,2020-12-04,1694803,16382,14507.143,60714,504,438,24965.426,241.316,213.699,894.352,7.424,6.452,0.95,,,,,,,,,
UK,2020-12-05,1710382,15579,14462.571,61111,397,426.286,25194.914,229.488,213.042,900.2,5.848,6.279,0.98,,,,,,,,,
UK,2020-12-06,1727754,17372,15206.571,61342,231,428.571,25450.813,255.9,224.002,903.603,3.403,6.313,1.02,,,,,,,,,
UK,2020-12-07,1742528,14774,15541.714,61531,189,426.571,25668.443,217.63,228.938,906.387,2.784,6.284,1.02,,,,,,,,,
UK,2020-12-08,1754914,12386,15383,62130,599,426,25850.896,182.453,226.6,915.211,8.824,6.275,1.03,,,,,,,,,
UK,2020-12-09,1771548,16634,15439.714,62663,533,409.571,26095.924,245.028,227.436,923.062,7.851,6.033,1.07,,,,,,,,,
UK,2020-12-10,1792614,21066,16313.286,63179,516,424.143,26406.238,310.314,240.304,930.663,7.601,6.248,1.13,,,,,,,,,
UK,2020-12-11,1814398,21784,17085,63603,424,412.714,26727.129,320.891,251.672,936.909,6.246,6.08,1.19,,,,,,,,,
UK,2020-12-12,1835952,21554,17938.571,64123,520,430.286,27044.632,317.503,264.246,944.569,7.66,6.338,1.2,,,,,,,,,
UK,2020-12-13,1854493,18541,18105.571,64267,144,417.857,27317.752,273.12,266.706,946.69,2.121,6.155,1.19,,,,,,,,,
UK,2020-12-14,1874870,20377,18906,64500,233,424.143,27617.917,300.165,278.496,950.122,3.432,6.248,1.22,,,,,,,,,
UK,2020-12-15,1893439,18569,19789.286,65006,506,410.857,27891.449,273.532,291.508,957.576,7.454,6.052,1.25,,,,,,,,,
UK,2020-12-16,1918739,25300,21027.286,65618,612,422.143,28264.132,372.684,309.744,966.591,9.015,6.218,1.32,,,,,,,,,
UK,2020-12-17,1954271,35532,23093.857,66150,532,424.429,28787.539,523.407,340.186,974.428,7.837,6.252,1.38,,,,,,,,,
UK,2020-12-18,1982831,28560,24061.857,66640,490,433.857,29208.244,420.705,354.445,981.646,7.218,6.391,1.37,,,,,,,,,
UK,2020-12-19,2010080,27249,24875.429,67177,537,436.286,29609.638,401.393,366.429,989.556,7.91,6.427,1.37,,,,,,,,,
UK,2020-12-20,2046164,36084,27381.571,67503,326,462.286,30141.176,531.538,403.346,994.358,4.802,6.81,1.41,,,,,,,,,
UK,2020-12-21,2079681,33517,29258.714,67718,215,459.714,30634.901,493.725,430.998,997.525,3.167,6.772,1.39,,,,,,,,,
UK,2020-12-22,2116612,36931,31881.857,68409,691,486.143,31178.916,544.015,469.638,1007.704,10.179,7.161,1.37,,,,,,,,,
UK,2020-12-23,2155999,39387,33894.286,69157,748,505.571,31759.109,580.193,499.282,1018.723,11.018,7.447,1.32,,,,,,,,,
UK,2020-12-24,2195148,39149,34411,69732,575,511.714,32335.796,576.687,506.894,1027.193,8.47,7.538,1.25,,,,,,,,,
UK,2020-12-25,2227951,32803,35017.143,70302,570,523.143,32819.003,483.207,515.823,1035.589,8.396,7.706,1.21,,,,,,,,,
UK,2020-12-26,2262739,34788,36094.143,70513,211,476.571,33331.451,512.447,531.688,1038.697,3.108,7.02,1.22,,,,,,,,,
UK,2020-12-27,2295232,32493,35581.143,70860,347,479.571,33810.091,478.641,524.131,1043.809,5.112,7.064,1.25,,,,,,,,,
UK,2020-12-28,2336692,41460,36715.857,71217,357,499.857,34420.821,610.73,540.846,1049.067,5.259,7.363,1.32,,,,,,,,,
UK,2020-12-29,2389967,53275,39050.714,71675,458,466.571,35205.593,784.771,575.24,1055.814,6.747,6.873,1.38,,,,,,,,,
UK,2020-12-30,2440206,50239,40601,72657,982,500,35945.642,740.049,598.076,1070.28,14.465,7.365,1.37,,,,,,,,,
UK,2020-12-31,2496235,56029,43012.429,73622,965,555.714,36770.982,825.339,633.598,1084.495,14.215,8.186,1.35,,,,,,,,,
UK,2021-01-01,2549693,53458,45963.143,74237,615,562.143,37558.449,787.467,677.064,1093.554,9.059,8.281,1.33,,,,,,,,,
UK,2021-01-02,2607546,57853,49258.143,74682,445,595.571,38410.657,852.208,725.601,1100.109,6.555,8.773,1.32,,,,,,,,,
UK,2021-01-03,2662703,55157,52495.857,75137,455,611,39223.151,812.494,773.294,1106.811,6.702,9,1.31,1402432,1380430,22002,,,2.07,2.03,0.03,
UK,2021-01-04,2721626,58923,54990.571,75547,410,618.571,40091.121,867.97,810.043,1112.851,6.04,9.112,1.29,,,,,182220,,,,2684
UK,2021-01-05,2782713,61087,56106.571,76428,881,679,40990.968,899.847,826.482,1125.829,12.978,10.002,1.25,,,,,182220,,,,2684
UK,2021-01-06,2845269,62556,57866.143,77470,1042,687.571,41912.454,921.486,852.402,1141.178,15.349,10.128,1.19,,,,,182220,,,,2684
UK,2021-01-07,2898056,52787,57403,78632,1162,715.714,42690.037,777.583,845.579,1158.295,17.117,10.543,1.13,,,,,182220,,,,2684
UK,2021-01-08,2966248,68192,59507.857,79965,1333,818.286,43694.544,1004.507,876.585,1177.931,19.636,12.054,1.12,,,,,182220,,,,2684
UK,2021-01-09,3026346,60098,59828.571,81000,1035,902.571,44579.822,885.278,881.309,1193.177,15.246,13.295,1.09,,,,,182220,,,,2684
UK,2021-01-10,3081372,55026,59809.857,81567,567,918.571,45390.387,810.565,881.034,1201.529,8.352,13.531,1.04,2677971,2286572,391399,,182220,3.94,3.37,0.58,2684
UK,2021-01-11,3127647,46275,58003,82096,529,935.571,46072.045,681.657,854.418,1209.321,7.792,13.782,0.98,2843815,2431648,412167,165844,179880,4.19,3.58,0.61,2650
UK,2021-01-12,3173295,45648,55797.429,83342,1246,987.714,46744.466,672.421,821.928,1227.676,18.354,14.55,0.94,3067541,2639309,428232,223726,185810,4.52,3.89,0.63,2737
UK,2021-01-13,3220957,47662,53669.714,84910,1568,1062.857,47446.555,702.089,790.586,1250.773,23.098,15.656,0.91,3356229,2918252,437977,288688,201020,4.94,4.3,0.65,2961
UK,2021-01-14,3269761,48804,53100.714,86163,1253,1075.857,48165.466,718.911,782.204,1269.231,18.457,15.848,0.9,3678180,3234946,443234,321951,220981,5.42,4.77,0.65,3255
UK,2021-01-15,3325646,55885,51342.571,87448,1285,1069,48988.684,823.218,756.306,1288.159,18.929,15.747,0.89,4023705,3576263,447442,345525,244311,5.93,5.27,0.66,3599
UK,2021-01-16,3367074,41428,48675.429,88747,1299,1106.714,49598.942,610.258,717.017,1307.295,19.135,16.303,0.86,4322456,3872394,450062,298751,260958,6.37,5.7,0.66,3844
UK,2021-01-17,3405744,38670,46338.857,89429,682,1123.143,50168.574,569.631,682.598,1317.341,10.046,16.545,0.84,4514802,4062501,452301,192346,262404,6.65,5.98,0.67,3865
UK,2021-01-18,3443354,37610,45101,90031,602,1133.571,50722.591,554.017,664.364,1326.209,8.868,16.698,0.83,4723443,4266577,456866,208641,268518,6.96,6.28,0.67,3955
UK,2021-01-19,3476808,33454,43359,91643,1612,1185.857,51215.387,492.797,638.703,1349.954,23.746,17.468,0.81,5070365,4609740,460625,346922,286118,7.47,6.79,0.68,4215
UK,2021-01-20,3515800,38992,42120.429,93469,1826,1222.714,51789.762,574.375,620.458,1376.852,26.898,18.011,0.81,5437284,4973248,464036,366919,297294,8.01,7.33,0.68,4379
UK,2021-01-21,3553777,37977,40573.714,94765,1296,1228.857,52349.185,559.423,597.674,1395.943,19.091,18.102,0.8,5849899,5383103,466796,412615,310246,8.62,7.93,0.69,4570
UK,2021-01-22,3594098,40321,38350.286,96166,1401,1245.429,52943.137,593.952,564.922,1416.581,20.638,18.346,0.78,6329968,5861351,468617,480069,329466,9.32,8.63,0.69,4853
UK,2021-01-23,3627750,33652,37239.429,97518,1352,1253,53438.85,495.713,548.558,1436.496,19.916,18.457,0.77,6822981,6353321,469660,493013,357218,10.05,9.36,0.69,5262
UK,2021-01-24,3657861,30111,36016.714,98129,611,1242.857,53882.403,443.552,530.547,1445.497,9,18.308,0.74,7044048,6573570,470478,221067,361321,10.38,9.68,0.69,5322
UK,2021-01-25,3680105,22244,33821.571,98723,594,1241.714,54210.07,327.667,498.211,1454.247,8.75,18.291,0.71,7325773,6853327,472446,281725,371761,10.79,10.1,0.7,5476
UK,2021-01-26,3700272,20167,31923.429,100359,1636,1245.143,54507.141,297.072,470.251,1478.346,24.099,18.342,0.7,7638543,7164387,474156,312770,366883,11.25,10.55,0.7,5404
UK,2021-01-27,3725641,25369,29977.286,102085,1726,1230.857,54880.841,373.7,441.583,1503.771,25.425,18.131,0.71,7953250,7476765,476485,314707,359424,11.72,11.01,0.7,5295
UK,2021-01-28,3754452,28811,28667.857,103324,1239,1222.714,55305.244,424.403,422.294,1522.022,18.251,18.011,0.73,8369438,7891184,478254,416188,359934,12.33,11.62,0.7,5302
UK,2021-01-29,3783597,29145,27071.286,104572,1248,1200.857,55734.566,429.323,398.776,1540.406,18.384,17.689,0.74,8859372,8378940,480432,489934,361343,13.05,12.34,0.71,5323
UK,2021-01-30,3806997,23400,25606.714,105777,1205,1179.857,56079.262,344.695,377.202,1558.156,17.75,17.38,0.73,9468382,8977329,491053,609010,377914,13.95,13.22,0.72,5567
UK,2021-01-31,3828187,21190,24332.286,106367,590,1176.857,56391.403,312.141,358.429,1566.847,8.691,17.336,0.72,9790576,9296367,494209,322194,392361,14.42,13.69,0.73,5780
UK,2021-02-01,3846855,18668,23821.429,106774,407,1150.143,56666.393,274.99,350.903,1572.843,5.995,16.942,0.72,10143511,9646715,496796,352935,402534,14.94,14.21,0.73,5930
UK,2021-02-02,3863761,16906,23355.571,108225,1451,1123.714,56915.428,249.035,344.041,1594.217,21.374,16.553,0.71,10520433,10021471,498962,376922,411699,15.5,14.76,0.73,6065
UK,2021-02-03,3882976,19215,22476.429,109547,1322,1066,57198.476,283.048,331.091,1613.691,19.474,15.703,0.71,10992444,10490487,501957,472011,434171,16.19,15.45,0.74,6396
UK,2021-02-04,3903710,20734,21322.571,110462,915,1019.714,57503.9,305.424,314.094,1627.169,13.478,15.021,0.71,11477040,10971047,505993,484596,443943,16.91,16.16,0.75,6540
UK,2021-02-05,3922914,19204,19902.429,111477,1015,986.429,57786.786,282.886,293.174,1642.121,14.952,14.531,0.71,11975267,11465210,510057,498227,445128,17.64,16.89,0.75,6557
UK,2021-02-06,3941277,18363,19182.857,112305,828,932.571,58057.284,270.498,282.575,1654.317,12.197,13.737,0.72,12526737,12015018,511719,551470,436908,18.45,17.7,0.75,6436
UK,2021-02-07,3957181,15904,18427.714,112681,376,902,58291.559,234.275,271.451,1659.856,5.539,13.287,0.72,12806587,12294006,512581,279850,430859,18.86,18.11,0.76,6347
UK,2021-02-08,3971319,14138,17780.571,113014,333,891.429,58499.82,208.261,261.918,1664.761,4.905,13.131,0.7,13162878,12646486,516392,356291,431338,19.39,18.63,0.76,6354
UK,2021-02-09,3983760,12441,17142.714,114066,1052,834.429,58683.083,183.263,252.522,1680.258,15.497,12.292,0.69,13577851,13058298,519553,414973,436774,20,19.24,0.77,6434
UK,2021-02-10,3996837,13077,16265.857,115068,1002,788.714,58875.715,192.632,239.605,1695.018,14.76,11.618,0.68,14033555,13509108,524447,455704,434444,20.67,19.9,0.77,6400
UK,2021-02-11,4010380,13543,15238.571,115748,680,755.143,59075.211,199.496,224.473,1705.035,10.017,11.124,0.69,14542318,14012224,530094,508763,437897,21.42,20.64,0.78,6450
UK,2021-02-12,4025578,15198,14666.286,116507,759,718.571,59299.086,223.875,216.043,1716.215,11.181,10.585,0.71,15091696,14556827,534869,549378,445204,22.23,21.44,0.79,6558
UK,2021-02-13,4038933,13355,13950.857,117128,621,689,59495.813,196.727,205.504,1725.363,9.148,10.149,0.72,15599904,15062189,537715,508208,439024,22.98,22.19,0.79,6467
UK,2021-02-14,4049924,10991,13249,117387,259,672.286,59657.717,161.904,195.165,1729.178,3.815,9.903,0.73,15839781,15300151,539630,239877,433313,23.33,22.54,0.79,6383
UK,2021-02-15,4059700,9776,12625.857,117622,235,658.286,59801.723,144.006,185.986,1732.64,3.462,9.697,0.73,16122272,15576107,546165,282491,422771,23.75,22.94,0.8,6228
UK,2021-02-16,4070336,10636,12368,118421,799,622.143,59958.397,156.674,182.188,1744.41,11.77,9.165,0.75,16499549,15940972,558577,377277,417385,24.3,23.48,0.82,6148
UK,2021-02-17,4083096,12760,12322.714,119159,738,584.429,60146.359,187.962,181.521,1755.281,10.871,8.609,0.77,16996806,16423082,573724,497257,423322,25.04,24.19,0.85,6236
UK,2021-02-18,4095191,12095,12115.857,119614,455,552.286,60324.526,178.166,178.474,1761.983,6.702,8.135,0.77,17465127,16875536,589591,468321,417544,25.73,24.86,0.87,6151
UK,2021-02-19,4107290,12099,11673.143,120147,533,520,60502.751,178.225,171.952,1769.835,7.851,7.66,0.78,17852327,17247442,604885,387200,394376,26.3,25.41,0.89,5809
UK,2021-02-20,4117743,10453,11258.571,120593,446,495,60656.73,153.979,165.845,1776.404,6.57,7.292,0.79,18197269,17582121,615148,344942,371052,26.81,25.9,0.91,5466
UK,2021-02-21,4127578,9835,11093.429,120810,217,489,60801.605,144.875,163.413,1779.601,3.197,7.203,0.8,18348165,17723840,624325,150896,358341,27.03,26.11,0.92,5279
UK,2021-02-22,4138237,10659,11219.571,120988,178,480.857,60958.618,157.013,165.271,1782.223,2.622,7.083,0.8,18558969,17916181,642788,210804,348100,27.34,26.39,0.95,5128
UK,2021-02-23,4146760,8523,10917.714,121536,548,445,61084.167,125.549,160.824,1790.295,8.072,6.555,0.78,18911978,18242873,669105,353009,344633,27.86,26.87,0.99,5077
UK,2021-02-24,4156707,9947,10515.857,121979,443,402.857,61230.692,146.525,154.905,1796.821,6.526,5.934,0.76,19392553,18691835,700718,480575,342250,28.57,27.53,1.03,5042
UK,2021-02-25,4166727,10020,10219.429,122303,324,384.143,61378.292,147.6,150.538,1801.594,4.773,5.659,0.74,19913592,19177555,736037,521039,349781,29.33,28.25,1.08,5152
UK,2021-02-26,4175315,8588,9717.857,122648,345,357.286,61504.799,126.506,143.15,1806.676,5.082,5.263,0.72,20450858,19682048,768810,537266,371219,30.13,28.99,1.13,5468
UK,2021-02-27,4182772,7457,9289.857,122939,291,335.143,61614.644,109.846,136.845,1810.962,4.287,4.937,0.7,20885683,20089551,796132,434825,384059,30.77,29.59,1.17,5657
UK,2021-02-28,4188827,6055,8749.857,123083,144,324.714,61703.838,89.194,128.89,1813.084,2.121,4.783,0.69,21091267,20275451,815816,205584,391872,31.07,29.87,1.2,5773
UK,2021-03-01,4194289,5462,8007.429,123187,104,314.143,61784.297,80.458,117.954,1814.616,1.532,4.628,0.68,21322717,20478619,844098,231450,394821,31.41,30.17,1.24,5816
UK,2021-03-02,4200700,6411,7705.714,123530,343,284.857,61878.734,94.438,113.51,1819.668,5.053,4.196,0.69,21599027,20703615,895412,276310,383864,31.82,30.5,1.32,5655
UK,2021-03-03,4207120,6420,7201.857,124017,487,291.143,61973.305,94.57,106.088,1826.842,7.174,4.289,0.7,21946433,20982571,963862,347406,364840,32.33,30.91,1.42,5374
UK,2021-03-04,4213764,6644,6719.571,124259,242,279.429,62071.174,97.87,98.983,1830.407,3.565,4.116,0.7,22392883,21358815,1034068,446450,354184,32.99,31.46,1.52,5217
UK,2021-03-05,4219788,6024,6353.286,124495,236,263.857,62159.911,88.737,93.588,1833.883,3.476,3.887,0.72,22887118,21796278,1090840,494235,348037,33.71,32.11,1.61,5127
UK,2021-03-06,4225906,6118,6162,124654,159,245,62250.033,90.122,90.77,1836.225,2.342,3.609,0.75,23335514,22213112,1122402,448396,349976,34.37,32.72,1.65,5155
UK,2021-03-07,4231166,5260,6048.429,124736,82,236.143,62327.516,77.483,89.097,1837.433,1.208,3.479,0.77,23519898,22377255,1142643,184384,346947,34.65,32.96,1.68,5111
UK,2021-03-08,4235989,4823,5957.143,124801,65,230.571,62398.562,71.046,87.752,1838.391,0.957,3.396,0.79,23773959,22592528,1181431,254061,350177,35.02,33.28,1.74,5158
UK,2021-03-09,4241858,5869,5879.714,125032,231,214.571,62485.015,86.454,86.612,1841.793,3.403,3.161,0.82,24064182,22809829,1254353,290223,352165,35.45,33.6,1.85,5188
UK,2021-03-10,4247879,6021,5822.714,125222,190,172.143,62573.708,88.693,85.772,1844.592,2.799,2.536,0.85,24405231,23053716,1351515,341049,351257,35.95,33.96,1.99,5174
UK,2021-03-11,4254714,6835,5850,125403,181,163.429,62674.392,100.683,86.174,1847.259,2.666,2.407,0.87,24759603,23314525,1445078,354372,338103,36.47,34.34,2.13,4980
UK,2021-03-12,4261398,6684,5944.286,125579,176,154.857,62772.851,98.459,87.563,1849.851,2.593,2.281,0.88,25216857,23684103,1532754,457254,332820,37.15,34.89,2.26,4903
UK,2021-03-13,4267015,5617,5872.714,125701,122,149.571,62855.592,82.742,86.508,1851.648,1.797,2.203,0.87,25781120,24196211,1584909,564263,349372,37.98,35.64,2.33,5146
UK,2021-03-14,4271710,4695,5792,125753,52,145.286,62924.753,69.16,85.32,1852.414,0.766,2.14,0.87,26063501,24453221,1610280,282381,363372,38.39,36.02,2.37,5353
UK,2021-03-15,4276840,5130,5835.857,125817,64,145.143,63000.32,75.568,85.966,1853.357,0.943,2.138,0.88,26503552,24839906,1663646,440051,389942,39.04,36.59,2.45,5744
UK,2021-03-16,4282203,5363,5763.571,125927,110,127.857,63079.32,79,84.901,1854.977,1.62,1.883,0.89,27032671,25273226,1759445,529119,424070,39.82,37.23,2.59,6247
UK,2021-03-17,4287996,5793,5731,126068,141,120.857,63164.655,85.334,84.421,1857.054,2.077,1.78,0.9,27614526,25735472,1879054,581855,458471,40.68,37.91,2.77,6754
UK,2021-03-18,4294328,6332,5659.143,126163,95,108.571,63257.929,93.274,83.362,1858.454,1.399,1.599,0.9,28274802,26263732,2011070,660276,502171,41.65,38.69,2.96,7397
UK,2021-03-19,4299200,4872,5400.286,126263,100,97.714,63329.696,71.767,79.549,1859.927,1.473,1.439,0.9,29015457,26878662,2136795,740655,542657,42.74,39.59,3.15,7994
UK,2021-03-20,4304839,5639,5403.429,126359,96,94,63412.762,83.066,79.596,1861.341,1.414,1.385,0.94,29859742,27630970,2228772,844285,582660,43.99,40.7,3.28,8583
UK,2021-03-21,4310195,5356,5497.857,126393,34,91.429,63491.659,78.897,80.987,1861.842,0.501,1.347,0.96,30279360,27997976,2281384,419618,602266,44.6,41.24,3.36,8872
UK,2021-03-22,4315602,5407,5537.429,126411,18,84.857,63571.307,79.648,81.57,1862.107,0.265,1.25,0.96,30691557,28327873,2363684,412197,598286,45.21,41.73,3.48,8813
UK,2021-03-23,4321019,5417,5545.143,126523,112,85.143,63651.103,79.796,81.683,1863.757,1.65,1.254,0.96,31186362,28653523,2532839,494805,593384,45.94,42.21,3.73,8741
UK,2021-03-24,4326645,5626,5521.286,126621,98,79,63733.977,82.874,81.332,1865.2,1.444,1.164,0.95,31766669,28991188,2775481,580307,593163,46.79,42.71,4.09,8738
UK,2021-03-25,4332922,6277,5513.429,126684,63,74.429,63826.441,92.464,81.216,1866.128,0.928,1.096,0.94,32325993,29316130,3009863,559324,578742,47.62,43.18,4.43,8525
UK,2021-03-26,4339157,6235,5708.143,126755,71,70.286,63918.286,91.845,84.084,1867.174,1.046,1.035,0.92,33020952,29727435,3293517,694959,572214,48.64,43.79,4.85,8429
UK,2021-03-27,4343066,3909,5461,126813,58,64.857,63975.868,57.582,80.444,1868.029,0.854,0.955,0.87,33684114,30151736,3532378,663162,546339,49.62,44.42,5.2,8048
UK,2021-03-28,4347013,3947,5259.714,126834,21,63,64034.009,58.142,77.479,1868.338,0.309,0.928,0.85,34125256,30445284,3679972,441142,549414,50.27,44.85,5.42,8093
UK,2021-03-29,4351796,4783,5170.571,126857,23,63.714,64104.465,70.456,76.165,1868.677,0.339,0.939,0.84,34530295,30682093,3848202,405039,548391,50.87,45.2,5.67,8078
UK,2021-03-30,4355867,4071,4978.286,126912,55,55.571,64164.434,59.968,73.333,1869.487,0.81,0.819,0.81,35033894,30908010,4125884,503599,549647,51.61,45.53,6.08,8097
UK,2021-03-31,4359982,4115,4762.429,126955,43,47.714,64225.05,60.616,70.153,1870.12,0.633,0.703,0.79,35660902,31147444,4513458,627008,556319,52.53,45.88,6.65,8195
UK,2021-04-01,4364547,4565,4517.857,127006,51,46,64292.295,67.245,66.551,1870.872,0.751,0.678,0.76,36277136,31318262,4958874,616234,564449,53.44,46.13,7.3,8315
UK,2021-04-02,4367969,3422,4116,127058,52,43.286,64342.703,50.408,60.631,1871.638,0.766,0.638,0.74,36631187,31425682,5205505,354051,515748,53.96,46.29,7.67,7597
UK,2021-04-03,4371393,3424,4046.714,127068,10,36.429,64393.141,50.437,59.61,1871.785,0.147,0.537,0.73,36917986,31533568,5384418,286799,461982,54.38,46.45,7.93,6805
UK,2021-04-04,4373798,2405,3826.429,127078,10,34.857,64428.568,35.427,56.366,1871.932,0.147,0.513,0.72,37013749,31581623,5432126,95763,412642,54.52,46.52,8,6078
UK,2021-04-05,4376629,2831,3547.571,127106,28,35.571,64470.27,41.702,52.258,1872.345,0.412,0.524,0.7,37119083,31622367,5496716,105334,369827,54.68,46.58,8.1,5448
UK,2021-04-06,4379033,2404,3309.429,127126,20,30.571,64505.682,35.412,48.75,1872.639,0.295,0.45,0.7,37391103,31707594,5683509,272020,336744,55.08,46.71,8.37,4960
UK,2021-04-07,4381830,2797,3121.143,127171,45,30.857,64546.884,41.201,45.976,1873.302,0.663,0.455,0.73,37899029,31807124,6091905,507926,319732,55.83,46.85,8.97,4710
UK,2021-04-08,4384954,3124,2915.286,127224,53,31.143,64592.902,46.018,42.944,1874.083,0.781,0.459,0.76,38444540,31903366,6541174,545511,309629,56.63,47,9.64,4561
UK,2021-04-09,4380167,-4787,1742.571,127284,60,32.286,64522.387,-70.515,25.669,1874.967,0.884,0.476,0.8,39001554,32010244,6991310,557014,338624,57.45,47.15,10.3,4988
UK,2021-04-10,4382880,2713,1641,127324,40,36.571,64562.351,39.964,24.173,1875.556,0.589,0.539,0.84,39587893,32121353,7466540,586339,381415,58.32,47.32,11,5618
UK,2021-04-11,4384610,1730,1544.571,127331,7,36.143,64587.835,25.484,22.752,1875.659,0.103,0.532,0.88,39846781,32190576,7656205,258888,404719,58.7,47.42,11.28,5962
UK,2021-04-12,4388296,3686,1666.714,127346,15,34.286,64642.132,54.297,24.552,1875.88,0.221,0.505,0.93,40107877,32250481,7857396,261096,426971,59.08,47.51,11.57,6290
UK,2021-04-13,4390801,2505,1681.143,127369,23,34.714,64679.032,36.9,24.764,1876.219,0.339,0.511,0.92,40496685,32326604,8170081,388808,443655,59.65,47.62,12.04,6535
UK,2021-04-14,4393330,2529,1642.857,127407,38,33.714,64716.285,37.254,24.2,1876.779,0.56,0.497,0.9,40958303,32444439,8513864,461618,437039,60.33,47.79,12.54,6438
UK,2021-04-15,4396096,2766,1591.714,127438,31,30.571,64757.03,40.745,23.447,1877.235,0.457,0.45,0.89,41505768,32574221,8931547,547465,437318,61.14,47.98,13.16,6442
UK,2021-04-16,4398903,2807,2676.571,127472,34,26.857,64798.379,41.349,39.427,1877.736,0.501,0.396,0.9,42140989,32709778,9431211,635221,448491,62.08,48.18,13.89,6607
UK,2021-04-17,4401176,2273,2613.714,127508,36,26.286,64831.861,33.483,38.502,1878.266,0.53,0.387,0.91,42780069,32849223,9930846,639080,456025,63.02,48.39,14.63,6718
UK,2021-04-18,4403060,1884,2635.714,127518,10,26.714,64859.614,27.752,38.826,1878.414,0.147,0.394,0.94,43084487,32932448,10152039,304418,462529,63.47,48.51,14.95,6813
UK,2021-04-19,4406114,3054,2545.429,127524,6,25.429,64904.601,44.987,37.496,1878.502,0.088,0.375,0.96,43457910,33032120,10425790,373423,478576,64.02,48.66,15.36,7050
UK,2021-04-20,4408644,2530,2549,127557,33,26.857,64941.869,37.268,37.548,1878.988,0.486,0.396,0.95,43915559,33139742,10775817,457649,488411,64.69,48.82,15.87,7195
UK,2021-04-21,4411068,2424,2534,127577,20,24.286,64977.576,35.707,37.327,1879.283,0.295,0.358,0.93,44450252,33257651,11192601,534693,498850,65.48,48.99,16.49,7348
UK,2021-04-22,4413834,2766,2534,127597,20,22.714,65018.321,40.745,37.327,1879.577,0.295,0.335,0.92,45012308,33388637,11623671,562056,500934,66.31,49.18,17.12,7379
UK,2021-04-23,4416588,2754,2526.429,127638,41,23.714,65058.889,40.568,37.216,1880.181,0.604,0.349,0.91,45613109,33524423,12088686,600801,496017,67.19,49.38,17.81,7307
UK,2021-04-24,4418710,2122,2504.857,127670,32,23.143,65090.147,31.258,36.898,1880.653,0.471,0.341,0.91,46309512,33673190,12636322,696403,504206,68.22,49.6,18.61,7427
UK,2021-04-25,4420443,1733,2483.286,127681,11,23.286,65115.675,25.528,36.58,1880.815,0.162,0.343,0.91,46650008,33752885,12897123,340496,509360,68.72,49.72,19,7503
UK,2021-04-26,4422562,2119,2349.714,127688,7,23.429,65146.889,31.214,34.613,1880.918,0.103,0.345,0.91,47045391,33843580,13201811,395383,512497,69.3,49.85,19.45,7549
UK,2021-04-27,4425259,2697,2373.571,127705,17,21.143,65186.618,39.728,34.964,1881.168,0.25,0.311,0.93,47540984,33959908,13581076,495593,517918,70.03,50.02,20.01,7629
UK,2021-04-28,4427390,2131,2331.714,127734,29,22.429,65218.009,31.391,34.347,1881.596,0.427,0.33,0.91,48138009,34094048,14043961,597025,526822,70.91,50.22,20.69,7760
UK,2021-04-29,4429849,2459,2287.857,127759,25,23.143,65254.231,36.222,33.701,1881.964,0.368,0.341,0.89,48752144,34216616,14535528,614135,534262,71.81,50.4,21.41,7870
UK,2021-04-30,4432246,2397,2236.857,127775,16,19.571,65289.54,35.309,32.95,1882.199,0.236,0.288,0.89,49319518,34362205,14957313,567374,529487,72.65,50.62,22.03,7800
UK,2021-05-01,4434157,1911,2206.714,127782,7,16,65317.691,28.15,32.506,1882.303,0.103,0.236,0.89,49834997,34505380,15329617,515479,503641,73.41,50.83,22.58,7419
UK,2021-05-02,4435831,1674,2198.286,127796,14,16.429,65342.35,24.659,32.382,1882.509,0.206,0.242,0.89,50097812,34595304,15502508,262815,492543,73.8,50.96,22.84,7255
UK,2021-05-03,4437505,1674,2134.714,127797,1,15.571,65367.008,24.659,31.446,1882.524,0.015,0.229,0.89,50297911,34667904,15630007,200099,464646,74.09,51.07,23.02,6845
UK,2021-05-04,4439489,1984,2032.857,127803,6,14,65396.234,29.225,29.945,1882.612,0.088,0.206,0.92,50682567,34795074,15887493,384656,448798,74.66,51.26,23.4,6611
UK,2021-05-05,4441644,2155,2036.286,127830,27,13.714,65427.978,31.744,29.996,1883.01,0.398,0.202,0.96,51225890,34934171,16291719,543323,441126,75.46,51.46,24,6498
UK,2021-05-06,4444262,2618,2059,127843,13,12,65466.543,38.565,30.33,1883.201,0.191,0.177,0.99,51834361,35069641,16764720,608471,440317,76.36,51.66,24.7,6486
UK,2021-05-07,4446752,2490,2072.286,127858,15,11.857,65503.222,36.679,30.526,1883.422,0.221,0.175,1,52433184,35202642,17230542,598823,444809,77.24,51.86,25.38,6552
UK,2021-05-08,4448808,2056,2093,127863,5,11.571,65533.508,30.286,30.831,1883.496,0.074,0.17,1.01,53041048,35371669,17669379,607864,458007,78.13,52.1,26.03,6747
UK,2021-05-09,4450578,1770,2106.714,127865,2,9.857,65559.581,26.073,31.033,1883.525,0.029,0.145,1.03,53328845,35472295,17856550,287797,461576,78.56,52.25,26.3,6799
UK,2021-05-10,4452956,2378,2207.286,127870,5,10.429,65594.611,35.029,32.515,1883.599,0.074,0.154,1.06,53675733,35587348,18088385,346888,482546,79.07,52.42,26.65,7108
UK,2021-05-11,4455446,2490,2279.571,127890,20,12.429,65631.29,36.679,33.579,1883.893,0.295,0.183,1.05,54160993,35722461,18438532,485260,496918,79.78,52.62,27.16,7320
UK,2021-05-12,4457742,2296,2299.714,127901,11,10.143,65665.111,33.821,33.876,1884.056,0.162,0.149,1.02,54797640,35906671,18890969,636647,510250,80.72,52.89,27.83,7516
UK,2021-05-13,4460405,2663,2306.143,127912,11,9.857,65704.339,39.228,33.971,1884.218,0.162,0.145,1,55434965,36115955,19319010,637325,514372,81.66,53.2,28.46,7577
UK,2021-05-14,4462603,2198,2264.429,127930,18,10.286,65736.717,32.378,33.356,1884.483,0.265,0.152,0.97,56048435,36336023,19712412,613470,516464,82.56,53.53,29.04,7608
UK,2021-05-15,4464663,2060,2265,127937,7,10.571,65767.061,30.345,33.365,1884.586,0.103,0.156,0.99,56677012,36573354,20103658,628577,519423,83.49,53.87,29.61,7651
UK,2021-05-16,4466589,1926,2287.286,127941,4,10.857,65795.433,28.371,33.693,1884.645,0.059,0.16,1.02,56992075,36704672,20287403,315063,523319,83.95,54.07,29.88,7709
UK,2021-05-17,4468582,1993,2232.286,127946,5,10.857,65824.791,29.358,32.883,1884.718,0.074,0.16,1.04,57357857,36811405,20546452,365782,526018,84.49,54.23,30.27,7749
UK,2021-05-18,4466220,-2362,1539.143,127953,7,9,65789.997,-34.794,22.672,1884.822,0.103,0.133,1.08,57855958,36985505,20870453,498101,527852,85.23,54.48,30.74,7776
UK,2021-05-19,4468366,2146,1517.714,127956,3,7.857,65821.609,31.612,22.357,1884.866,0.044,0.116,1.12,58489834,37250363,21239471,633876,527456,86.16,54.87,31.29,7770
UK,2021-05-20,4471065,2699,1522.857,127963,7,7.286,65861.367,39.758,22.433,1884.969,0.103,0.107,1.15,59178397,37518614,21659783,688563,534776,87.17,55.27,31.91,7878
UK,2021-05-21,4473773,2708,1595.714,127972,9,6,65901.257,39.89,23.506,1885.101,0.133,0.088,1.17,59824737,37738271,22086466,646340,539472,88.13,55.59,32.53,7947
UK,2021-05-22,4476297,2524,1662,127978,6,5.857,65938.437,37.18,24.482,1885.19,0.088,0.086,1.19,60587098,37943681,22643417,762361,558584,89.25,55.89,33.36,8228
UK,2021-05-23,4478390,2093,1685.857,127983,5,6,65969.268,30.831,24.834,1885.263,0.074,0.088,1.2,60965594,38070038,22895556,378496,567646,89.81,56.08,33.73,8362
UK,2021-05-24,4480760,2370,1739.714,127986,3,5.714,66004.18,34.911,25.627,1885.308,0.044,0.084,1.21,61420928,38192417,23228511,455334,580439,90.48,56.26,34.22,8550
UK,2021-05-25,4483177,2417,2422.429,128001,15,6.857,66039.783,35.604,35.684,1885.529,0.221,0.101,1.23,61995062,38378564,23616498,574134,591301,91.32,56.53,34.79,8710
UK,2021-05-26,4486168,2991,2543.143,128010,9,7.714,66083.843,44.059,37.462,1885.661,0.133,0.114,1.26,62658639,38614683,24043956,663577,595544,92.3,56.88,35.42,8773
UK,2021-05-27,4489552,3384,2641,128020,10,8.143,66133.691,49.848,38.903,1885.808,0.147,0.12,1.28,63349252,38871200,24478052,690613,595836,93.32,57.26,36.06,8777
UK,2021-05-28,4493582,4030,2829.857,128030,10,8.286,66193.055,59.364,41.685,1885.956,0.147,0.122,1.31,63989645,39075642,24914003,640393,594987,94.26,57.56,36.7,8765
UK,2021-05-29,4496823,3241,2932.286,128037,7,8.429,66240.797,47.742,43.194,1886.059,0.103,0.124,1.3,64592019,39259168,25332851,602374,572132,95.15,57.83,37.32,8428
UK,2021-05-30,4499937,3114,3078.143,128043,6,8.571,66286.668,45.871,45.343,1886.147,0.088,0.126,1.3,64923228,39384055,25539173,331209,565376,95.64,58.01,37.62,8328
UK,2021-05-31,4503231,3294,3210.143,128045,2,8.429,66335.19,48.523,47.287,1886.177,0.029,0.124,1.31,65211877,39477158,25734719,288649,541564,96.06,58.15,37.91,7978
UK,2021-06-01,4506333,3102,3308,128045,0,6.286,66380.885,45.694,48.729,1886.177,0,0.093,1.32,65658949,39585665,26073284,447072,523412,96.72,58.31,38.41,7710
UK,2021-06-02,4510597,4264,3489.857,128057,12,6.714,66443.696,62.811,51.408,1886.353,0.177,0.099,1.38,66180731,39758428,26422303,521782,503156,97.49,58.57,38.92,7412
UK,2021-06-03,4515778,5181,3746.571,128075,18,7.857,66520.015,76.319,55.189,1886.619,0.265,0.116,1.43,66749638,39949694,26799944,568907,485769,98.33,58.85,39.48,7156
UK,2021-06-04,4521922,6144,4048.571,128086,11,8,66610.52,90.505,59.638,1886.781,0.162,0.118,1.47,67317593,40129618,27187975,567955,475421,99.16,59.11,40.05,7003
UK,2021-06-05,4527577,5655,4393.429,128099,13,8.857,66693.821,83.301,64.718,1886.972,0.191,0.13,1.49,67994584,40333231,27661353,676991,486081,100.16,59.41,40.75,7160
UK,2021-06-06,4532802,5225,4695,128103,4,8.571,66770.788,76.967,69.16,1887.031,0.059,0.126,1.48,68381870,40460576,27921294,387286,494092,100.73,59.6,41.13,7278
UK,2021-06-07,4538399,5597,5024,128104,1,8.429,66853.235,82.447,74.006,1887.046,0.015,0.124,1.47,68800879,40573517,28227362,419009,512715,101.35,59.77,41.58,7553
UK,2021-06-08,4544372,5973,5434.143,128118,14,10.429,66941.221,87.986,80.048,1887.252,0.206,0.154,1.47,69251163,40710319,28540844,450284,513173,102.01,59.97,42.04,7559
UK,2021-06-09,4551694,7322,5871,128124,6,9.571,67049.078,107.857,86.483,1887.34,0.088,0.141,,69743980,40886878,28857102,492817,509036,102.74,60.23,42.51,7498
UK,2021-06-10,4558933,7239,6165,128131,7,8,67155.713,106.635,90.814,1887.444,0.103,0.118,,,,,,,,,,